Stop_ID,Stop_name,Stop_lat,Stop_long,2018-19,2019-20,2020-21
20979,0-Bourke/Spring,-37.811545,144.9731,399750,247800,13850
17880,10-Albert/Nicholson,-37.80958,144.97296,370800,235450,70100
17892,10-Albert/Nicholson,-37.80942,144.9729,302400,180050,134550
19497,10-Bourke Street Mall,-37.813397,144.965608,3981200,2935150,747700
19687,10-Bourke Street Mall,-37.813067,144.965342,1706350,1728050,687600
17859,10-Chetwynd/Victoria,-37.80552,144.95239,11200,9550,2450
17862,10-Chetwynd/Victoria,-37.8054,144.95203,48200,24850,8250
18094,10-Jolimont/Wellington,-37.815748,144.979786,60750,84600,12350
18103,10-Jolimont/Wellington,-37.81577,144.97933,48150,24500,21300
18009,10-Nicholson/Victoria,-37.808019,144.973567,49150,16500,7150
18050,10-Nicholson/Victoria,-37.80784,144.972837,3800,179900,#N/A
17897,10-Parliament Railway Station,-37.812364,144.974437,180050,150400,56900
17915,10-Parliament Railway Station,-37.812354,144.97432,507850,318050,140850
17867,10-Royal Melbourne Hospital,-37.7999,144.95744,182900,195550,53300
17868,10-Royal Melbourne Hospital,-37.799584,144.957666,182300,80600,19900
19280,10-Swan Street Shopping Centre,-37.825539,144.996106,32400,49200,17000
19464,10-Swan Street Shopping Centre,-37.82538,144.995904,48300,34150,12300
18203,10-Victoria/Peel,-37.80539,144.95603,22400,29950,13750
18204,10-Victoria/Peel,-37.8057,144.95608,47950,25350,7600
18789,112-Lygon/Elgin,-37.79713,144.967155,161350,180300,100900
19340,112-Lygon/Elgin,-37.796977,144.967633,260150,98350,48500
18790,113-Lytton/Lygon,-37.794131,144.968025,24100,29750,25700
19341,113-Lytton/Lygon,-37.794137,144.968123,203400,143300,58100
18791,114-Princes/Lygon,-37.792685,144.968271,28000,41600,20300
19342,114-Princes/Lygon,-37.792129,144.968463,57950,26600,24500
18450,115-Casino East,-37.821709,144.96123,168350,55650,91650
18215,115-Casino/Southbank,-37.82182,144.96131,84750,140000,40200
18792,115-Melbourne Cemetery,-37.789577,144.968802,13950,18000,11700
19343,115-Melbourne Cemetery,-37.789282,144.968949,68250,81000,18000
18233,116-City/Kings,-37.82626,144.96058,95750,69700,66450
22612,116-City/Kings,-37.826299,144.960808,174050,136100,52250
18793,116-Fenwick/Lygon,-37.787368,144.969181,2100,19250,16850
19344,116-Fenwick/Lygon,-37.787203,144.969306,55150,69300,31350
18794,117-Richardson/Lygon,-37.784034,144.969732,16000,7400,11300
19345,117-Richardson/Lygon,-37.784085,144.969819,112050,27600,14600
18217,117-York/Kings,-37.82961,144.96407,34200,30000,20300
18223,117-York/Kings,-37.82957,144.9639,35950,11700,33350
18795,118-Pigdon/Lygon,-37.781925,144.970072,12650,8950,22150
19346,118-Pigdon/Lygon,-37.781541,144.970227,68650,47350,19800
18218,118-Sturt/Kings,-37.83054,144.965,48400,71400,32050
18222,118-Sturt/Kings,-37.83107,144.96538,84900,81450,39200
18190,119-La Trobe/Spencer,-37.813404,144.951504,11150,7750,7900
18711,119-Park/Lygon,-37.779418,144.970473,11750,1600,12350
19347,119-Park/Lygon,-37.779885,144.970498,77500,43550,33200
18041,119-Spencer/La Trobe,-37.813187,144.951148,94700,71850,20700
18219,119-Wells/Park,-37.832838,144.9698,66000,59900,13700
18221,119-Wells/Park,-37.832943,144.96955,147150,77150,37750
17896,11-Albert/Gisborne,-37.809392,144.975732,96350,87300,49150
18006,11-Albert/Gisborne,-37.809697,144.975608,140150,180850,67550
19281,11-Church/Swan,-37.825758,144.998093,40750,20300,16450
19463,11-Church/Swan,-37.82561,144.997785,28900,52650,32750
19498,11-City Square,-37.816375,144.967019,3430000,1745750,474100
19686,11-City Square,-37.815733,144.966567,2525700,2130450,719400
17860,11-Errol/Victoria,-37.80519,144.94942,10950,22350,7050
18095,11-Jolimont Station-MCG,-37.816338,144.984819,281450,202600,80600
18102,11-Jolimont Station-MCG,-37.816245,144.983987,180600,68750,35550
20492,11-Queensberry/Peel,-37.803623,144.956438,117000,107000,38050
20493,11-Queensberry/Peel,-37.80331,144.95639,13750,29200,15600
16736,11-University of Melbourne,-37.798271,144.957651,107950,133550,50900
17335,11-University of Melbourne,-37.798105,144.957849,176350,105700,31900
17861,11-Victoria/Errol,-37.80496,144.94934,105250,59500,38300
17879,11-Victoria/Nicholson,-37.80751,144.97331,153050,19850,82200
17893,11-Victoria/Nicholson,-37.808308,144.973079,67700,49900,22800
18712,120-Brunswick/Lygon,-37.778453,144.970633,10500,4400,21950
19348,120-Brunswick/Lygon,-37.778116,144.970782,127600,137200,42400
18189,120-Lonsdale/Spencer,-37.81531,144.95238,40300,45950,14150
18192,120-Lonsdale/Spencer,-37.81496,144.95231,53450,21750,14200
18713,121-Weston/Lygon,-37.775668,144.970972,49300,46050,43850
19349,121-Weston/Lygon,-37.775551,144.971127,247350,177900,77750
18714,122-Glenlyon/Lygon,-37.77274,144.971419,42150,17600,31650
19350,122-Glenlyon/Lygon,-37.772517,144.971618,249550,137950,60850
18187,122-Southern Cross Railway Station,-37.818805,144.953967,514300,321750,140950
18194,122-Southern Cross Railway Station,-37.818773,144.954071,810000,574500,262600
18715,123-Albert/Lygon,-37.769785,144.971949,17250,18700,17550
19351,123-Albert/Lygon,-37.769647,144.972115,114200,143800,37100
18185,124A-Casino/MCEC,-37.82329,144.95606,1129050,518950,176100
18197,124A-Casino/MCEC,-37.82359,144.956313,185550,193700,86450
18186,124-Batman Park,-37.82155,144.95526,688250,541000,136900
18196,124-Batman Park,-37.822,144.95552,282100,328300,114400
18716,124-Victoria/Lygon,-37.768204,144.972229,24700,24200,18050
19352,124-Victoria/Lygon,-37.768079,144.972411,166550,97000,41200
18699,124-Walsh/Toorak,-37.838153,144.984456,40150,20050,7900
19322,124-Walsh/Toorak,-37.838011,144.98449,19500,17700,9350
19369,125A-Southbank Tram Depot,-37.82745,144.953984,9100,4300,5600
19721,125A-Southbank Tram Depot,-37.827694,144.953713,3150,9600,4650
18717,125-Blyth/Lygon,-37.766664,144.972508,17600,19100,14650
19353,125-Blyth/Lygon,-37.766472,144.972698,154500,136300,28800
18184,125-Clarendon/Normanby,-37.82569,144.95668,272650,130300,131850
19304,125-Port Junction,-37.826075,144.956207,82350,66000,33700
18700,125-Punt/Toorak,-37.838406,144.986755,60250,15550,13350
19323,125-Punt/Toorak,-37.838245,144.986404,23400,10950,13900
4125,126-City/Clarendon,-37.827308,144.957918,214100,303300,72300
4324,126-City/Clarendon,-37.827957,144.958299,28050,76150,28450
20494,126-City/Light Rail,-37.829599,144.954428,31300,20200,3950
20495,126-City/Light Rail,-37.829191,144.954428,164500,107900,43900
19370,126-Montague/Light Rail,-37.83024,144.948473,302100,232800,47900
19722,126-Montague/Light Rail,-37.83024,144.948692,7000,18600,24400
18702,126-Myrtle/Toorak,-37.838786,144.989504,40150,12950,4000
19324,126-Myrtle/Toorak,-37.838628,144.989352,23400,20250,19350
18718,126-Stewart/Lygon,-37.764429,144.972898,9400,25050,12350
19354,126-Stewart/Lygon,-37.764291,144.973087,208550,75800,38650
19355,127-Albion/Holmes,-37.76189,144.974063,138400,154850,17500
18719,127-Albion/Lygon,-37.762372,144.973269,11750,4950,5650
19371,127-North Port Station,-37.833217,144.94351,422900,277700,153900
19723,127-North Port Station,-37.83343,144.943341,8400,14650,40700
20496,127-South Melbourne Station,-37.83307,144.95546,85250,80500,75050
20497,127-South Melbourne Station,-37.8332,144.95537,354950,246050,104900
18703,127-South Yarra Railway Station,-37.839127,144.99217,240950,153800,33900
19325,127-South Yarra Railway Station,-37.838984,144.992091,156150,141850,50150
4124,127-York/Clarendon,-37.830983,144.959527,221750,135050,64100
4323,127-York/Clarendon,-37.830603,144.959595,21900,27250,8750
20498,128-Albert Park Station,-37.84039,144.95884,40750,76050,21550
20499,128-Albert Park Station,-37.84006,144.95854,127350,59050,13450
18704,128-Chapel/Toorak,-37.839582,144.995826,121100,81450,50650
19326,128-Chapel/Toorak,-37.839406,144.995485,32800,83800,21300
4039,128-Dorcas/Clarendon,-37.833156,144.960538,127950,87900,31150
4331,128-Dorcas/Clarendon,-37.83279,144.960611,43050,45250,27550
19372,128-Graham/Light Rail,-37.837079,144.937226,618550,329850,85250
19724,128-Graham/Light Rail,-37.837033,144.937459,2800,10550,13400
18720,128-Mitchell/Holmes,-37.759389,144.974329,18950,29500,13700
19356,128-Mitchell/Holmes,-37.759265,144.974515,217200,150650,48000
19725,129-Beacon Cove,-37.840762,144.932881,287700,243050,118350
20500,129-Melbourne Sports and Aquatic Centre,-37.84527,144.96167,27850,72500,27850
20501,129-Melbourne Sports and Aquatic Centre,-37.84548,144.96167,127150,47500,38150
18721,129-Moreland/Holmes,-37.756878,144.974757,53600,47700,35200
19358,129-Moreland/Holmes,-37.756568,144.974626,79100,15250,8800
19357,129-Moreland/Nicholson,-37.75654,144.97498,70700,28000,42450
4084,129-Park/Clarendon,-37.835433,144.961591,71900,53400,35550
4332,129-Park/Clarendon,-37.835056,144.961641,26650,29550,15450
18705,129-Tivoli/Toorak,-37.839927,144.998666,63950,31800,9000
19327,129-Tivoli/Toorak,-37.839771,144.99849,47400,26400,50400
19282,12-Coppin/Swan,-37.826262,145.002576,29350,27150,14100
19462,12-Coppin/Swan,-37.826105,145.002341,11250,9600,3250
20490,12-Flemington/Peel,-37.80138,144.956703,46000,32650,10200
20491,12-Flemington/Peel,-37.801532,144.956852,218500,41050,18800
17878,12-Melbourne Museum,-37.80597,144.97356,264450,201300,72600
17894,12-Melbourne Museum,-37.80562,144.97354,159050,150250,92300
16735,12-Morrah/Royal,-37.795658,144.957946,62200,107800,35000
17334,12-Morrah/Royal,-37.795558,144.958145,77300,57300,33300
19251,12-North Melbourne Town Hall,-37.80299,144.9494,42700,41300,16500
19590,12-North Melbourne Town Hall,-37.80322,144.94953,39050,24050,10650
17895,12-St Vincents Plaza,-37.808277,144.976134,542550,198600,114500
18051,12-St Vincents Plaza,-37.80823,144.976455,453550,329950,145300
4333,130-Albert/Clarendon,-37.838985,144.963387,8750,15350,3050
4126,130a-Raglan/Clarendon,-37.83761,144.962584,89650,37950,22150
18722,130-Barrow/Moreland,-37.75621,144.970157,13300,#N/A,19100
19359,130-Barrow/Moreland,-37.756054,144.969975,138550,102250,31050
4127,130-Clarendon/Albert,-37.839329,144.963211,34900,7600,6100
18706,130-Hawksburn/Toorak,-37.840368,145.002337,42650,16950,11450
20502,130-Middle Park Station,-37.84979,144.96583,16800,1100,9550
20503,130-Middle Park Station,-37.84967,144.96551,131200,82300,22900
18726,130-The Avenue/Nicholson,-37.75357,144.97594,9200,4550,29900
19363,130-The Avenue/Nicholson,-37.75337,144.97619,105200,76600,44300
4128,131-Aughtie/Albert,-37.840751,144.961044,66800,30650,23200
18723,131-De Carle/Moreland,-37.755809,144.966524,2650,#N/A,9550
19360,131-De Carle/Moreland,-37.75566,144.966355,105950,44450,22900
20504,131-Fraser/Light Rail,-37.85373,144.97102,36350,#N/A,4500
20505,131-Fraser/Light Rail,-37.8539,144.97103,199550,161400,36000
4334,131-Melbourne Sports and Aquatic Centre,-37.84058,144.961454,3500,17750,6100
19364,131-Rennie/Nicholson,-37.75122,144.97668,105200,150700,35150
22109,131-St Kilda/Fitzroy,-37.85699,144.982065,132450,43750,6050
22110,131-St Kilda/Fitzroy,-37.856895,144.982315,40850,24850,5400
18707,131-Williams/Toorak,-37.840726,145.005355,85300,44300,4500
19329,131-Williams/Toorak,-37.840514,145.004586,4750,900,4950
4384,132-Canterbury/Albert,-37.842286,144.959519,7600,2900,#N/A
18728,132-Crozier/Nicholson,-37.74942,144.97684,4600,1450,1300
19365,132-Crozier/Nicholson,-37.74939,144.97699,64500,107700,39000
4129,132-Kerferd/Canterbury,-37.842597,144.959411,15950,7850,6100
22112,132-Princes/Fitzroy,-37.85812,144.980042,75450,37150,12000
20506,132-St Kilda Station,-37.859304,144.977507,21400,19500,28300
20507,132-St Kilda Station,-37.859358,144.977401,286500,225650,67000
18724,132-Sydney/Moreland,-37.755561,144.964279,10650,2450,11950
19361,132-Sydney/Moreland,-37.755336,144.963855,293450,268000,73850
18708,132-Toorak Village,-37.841096,145.008452,135000,173800,29800
19330,132-Toorak Village,-37.840969,145.008343,18950,72250,11600
20508,133-Canterbury/Fitzroy,-37.86018,144.97677,176550,126700,71500
20509,133-Canterbury/Fitzroy,-37.859933,144.97702,298800,132300,43500
4130,133-Canterbury/Mills,-37.84407,144.960134,13950,5150,24400
4440,133-Canterbury/Mills,-37.844503,144.960064,400,5250,#N/A
18709,133-Canterbury/Toorak,-37.841385,145.010893,63950,15150,15600
19331,133-Grange/Toorak,-37.841232,145.010583,14200,15550,13500
19366,133-Harding/Nicholson,-37.74606,144.97752,145950,39300,25000
18725,133-Moreland Station,-37.755264,144.962377,8000,#N/A,3200
19362,133-Moreland Station,-37.755295,144.962121,230950,190400,95500
4131,134-Carter/Mills,-37.845611,144.958922,30400,27550,24150
4441,134-Carter/Mills,-37.845661,144.959102,2500,1050,#N/A
19367,134-Merribell/Nicholson,-37.74437,144.97789,23750,33400,37050
18781,134-Orrong/Toorak,-37.841765,145.014117,35550,38150,5400
19332,134-Orrong/Toorak,-37.841614,145.013733,4750,2500,18450
20510,134-Park/Fitzroy,-37.861132,144.975165,146200,164000,71400
20511,134-Park/Fitzroy,-37.86104,144.97511,251500,102300,69650
20512,135-Acland/Fitzroy,-37.86205,144.97341,293700,169700,73450
19368,135-Bell/Nicholson,-37.742823,144.978225,373350,238550,62300
20513,135-Jacka/Fitzroy,-37.86241,144.97301,98150,86950,32950
4132,135-Richardson/Mills,-37.847409,144.957404,43800,40200,8150
4442,135-Richardson/Mills,-37.847224,144.957807,4150,2150,1800
18782,135-Woorigoleen/Toorak,-37.842168,145.017588,28450,21850,11900
4443,136-Danks/Mills,-37.849322,144.956072,34300,28100,9050
18783,136-Irving/Toorak,-37.842465,145.020086,49750,22000,15100
19334,136-Irving/Toorak,-37.842338,145.019944,9500,2900,#N/A
4133,136-Mills/Danks,-37.84974,144.95608,55800,31950,9050
20514,136-The Esplanade - Stop 136,-37.865253,144.973515,350450,176600,76800
20515,136-The Esplanade - Stop 136,-37.865122,144.973601,166950,61350,36750
4134,137-Harold/Danks,-37.851362,144.959213,36600,10450,5050
4444,137-Harold/Danks,-37.851021,144.958993,16700,28100,2150
18784,137-Kooyong/Toorak,-37.842841,145.02307,56850,9050,13500
4140,138-Armstrong/Danks,-37.853071,144.962447,21750,12850,12450
4449,138-Armstrong/Danks,-37.852714,144.962206,6000,17250,#N/A
20518,138-Luna Park,-37.867024,144.976949,676300,359550,97250
20519,138-Luna Park,-37.866925,144.976987,127500,274500,99750
18785,138-Moonga/Toorak,-37.843228,145.026247,14200,8150,#N/A
20520,139-Acland Street - Stop 139,-37.868855,144.980009,842900,695300,257400
20521,139-Belford/Acland,-37.86828,144.97956,6300,#N/A,5950
4139,139-Langridge/Patterson,-37.854784,144.965591,14850,6550,9600
4448,139-Langridge/Patterson,-37.854468,144.965304,4000,1000,1050
6058,13-Brunswick/Gertrude,-37.80568,144.97709,45300,48050,13650
6132,13-Brunswick/Gertrude,-37.80583,144.97733,48950,49150,17850
19250,13-Curzon/Queensberry,-37.80283,144.94795,27350,46150,6500
19589,13-Curzon/Queensberry,-37.80294,144.94836,19400,5650,7700
19283,13-Edinburgh/Swan,-37.826506,145.004899,13350,6400,7550
19461,13-Edinburgh/Swan,-37.826393,145.005108,1200,10550,5600
19499,13-Federation Square,-37.81852,144.967992,5345900,2927800,1137300
19685,13-Federation Square,-37.818062,144.967672,3879050,3294650,1078850
16734,13-Gatehouse/Royal,-37.792677,144.958314,20100,30950,20600
17333,13-Gatehouse/Royal,-37.79242,144.958548,67400,25950,18200
4141,13-Gertrude/Brunswick,-37.805852,144.977115,72350,71500,46700
4450,13-Gertrude/Brunswick,-37.805593,144.97732,101800,47400,56850
6059,13-Hanover/Nicholson,-37.80291,144.97408,83250,63800,48150
6133,13-Hanover/Nicholson,-37.8029,144.97401,46750,57900,12950
19374,13-Lansdowne/Victoria,-37.808435,144.9784,62950,68700,17950
19726,13-Lansdowne/Victoria,-37.808547,144.978801,105550,47600,33500
18097,13-Simpson/Wellington,-37.81654,144.98698,20200,24450,12850
18100,13-Simpson/Wellington,-37.816604,144.986965,55200,18200,18600
4138,140-Fraser/Park,-37.85576,144.967424,38200,35750,11350
4447,140-Fraser/Patterson,-37.85543,144.967124,2000,850,#N/A
4446,141-Cowderoy/Park,-37.857209,144.970551,8300,12850,1050
4137,141-Deakin/Park,-37.857475,144.970746,39950,19850,13850
4136,142-Mary/Park,-37.859792,144.973195,24450,32050,13700
4135,143-Fitzroy/Park,-37.860935,144.974325,155050,122250,51450
18541,14-Abbotsford/Queensberry,-37.80266,144.9458,4300,7950,7600
19500,14-Arts Centre,-37.82197,144.96955,578600,321650,96450
19684,14-Arts Precinct,-37.82154,144.96926,469350,333450,185650
6060,14-Bell/Nicholson,-37.80036,144.97451,98650,10700,22300
19294,14-Burnley/Swan,-37.826788,145.007363,41050,16750,5050
19460,14-Burnley/Swan,-37.826595,145.006927,28950,22450,6050
17332,14-Cemetery Road West/Royal,-37.789717,144.958877,43600,18000,29200
4142,14-Hanover/Brunswick,-37.802837,144.977615,57500,49450,21100
4451,14-King William/Brunswick,-37.802705,144.977803,131550,119800,61600
16733,14-Macarthur/Royal,-37.790014,144.958615,3650,29050,21900
6134,14-Murchison/Nicholson,-37.80035,144.97444,17250,19100,3450
6057,14-Napier/Gertrude,-37.80591,144.97929,15100,32550,23350
6131,14-Napier/Gertrude,-37.80609,144.97981,97900,35950,20150
18099,14-Punt/Bridge,-37.81753,144.990213,118750,48100,28750
18098,14-Punt/Wellington,-37.81739,144.98968,59500,83050,26500
18061,14-Queensberry/Abbotsford,-37.80239,144.94563,56100,25500,10600
19253,14-Royal Melbourne Hospital,-37.799475,144.954891,434950,320000,213300
19591,14-Royal Melbourne Hospital,-37.799823,144.955202,354250,240750,77050
18060,15-Arden/Abbotsford,-37.80036,144.94599,58450,49400,18100
18540,15-Arden/Abbotsford,-37.80067,144.94583,9900,19400,5350
4143,15-Bell/Brunswick,-37.800441,144.978036,48850,39050,14400
6135,15-Elgin/Nicholson,-37.79754,144.97493,34450,42350,38150
19706,15-Epworth Hospital,-37.81775,144.9924,149050,104250,42650
19734,15-Epworth Hospital,-37.81787,144.99238,179300,130100,74950
6130,15-Gertrude/Smith,-37.80624,144.9831,90350,100200,14850
6061,15-Johnston/Nicholson,-37.79852,144.97483,224350,130600,37400
16732,15-Leonard/Royal,-37.787929,144.95889,3650,12250,26900
17331,15-Leonard/Royal,-37.78767,144.959124,34600,32350,20950
19699,15-Murphy/Flemington,-37.797589,144.952392,67850,57100,50550
20482,15-Murphy/Flemington,-37.797536,144.952453,135900,128900,66650
6056,15-Smith/Gertrude,-37.80628,144.98278,57100,60300,25600
19728,15-Smith/Victoria,-37.808975,144.982691,158550,154150,38850
22100,15-Smith/Victoria,-37.808868,144.982445,66100,90350,33400
4452,15-St David/Brunswick,-37.800541,144.978183,135950,100300,51800
19295,15-Stawell/Swan,-37.827047,145.00979,23300,3900,9800
19459,15-Stawell/Swan,-37.826904,145.009603,13900,16250,9600
18059,16-Haines/Abbotsford,-37.79828,144.94636,76100,41900,17100
18539,16-Haines/Abbotsford,-37.79861,144.9462,21500,21350,14000
19254,16-Harker/Flemington,-37.796423,144.951055,30300,76600,42550
19592,16-Harker/Flemington,-37.796761,144.951362,4050,35300,13550
4144,16-Johnston/Brunswick,-37.798527,144.978369,126750,100600,38100
4453,16-Johnston/Brunswick,-37.798169,144.978587,277000,161850,77100
6136,16-Kay/Nicholson,-37.79524,144.97532,23800,20050,15250
19296,16-Park/Swan,-37.827262,145.011776,22200,6650,2900
19458,16-Park/Swan,-37.827196,145.012278,4050,20550,6600
6129,16-Peel/Smith,-37.80486,144.98335,178500,76350,67250
6062,16-Rose/Nicholson,-37.79525,144.97539,87750,128200,22300
16731,16-Visy Park,-37.784859,144.95927,32950,65450,22250
17330,16-Walker/Royal,-37.784587,144.959507,131850,59150,44700
19377,16-Wellington/Victoria,-37.809198,144.985492,63100,70100,44700
19729,16-Wellington/Victoria,-37.809291,144.985734,240100,225350,81950
6063,17-Alexandra/Nicholson,-37.79276,144.97581,154600,63900,123950
19708,17-Bosisto/Bridge,-37.81825,144.99686,67400,93400,25950
18538,17-Canning/Abbotsford,-37.79672,144.94654,13250,2000,3150
6054,17-Charles/Smith,-37.80361,144.98338,58950,63850,36650
6128,17-Charles/Smith,-37.80351,144.98357,93750,74900,73850
19502,17-Grant St-Police Memorial,-37.824695,144.970835,219300,119200,69050
19681,17-Grant St-Police Memorial,-37.824213,144.970464,239500,221600,224900
16730,17-Ievers/Royal,-37.78189,144.959644,21950,53850,28300
17329,17-Ievers/Royal,-37.78168,144.959842,77850,31850,9200
4145,17-Leicester/Brunswick,-37.795627,144.978855,72350,69800,46950
4454,17-Leicester/Brunswick,-37.795465,144.979035,142300,93000,33200
19297,17-Madden/Swan,-37.827467,145.01651,11100,2250,#N/A
19457,17-Madden/Swan,-37.827283,145.016701,8100,18100,5050
18058,17-Molesworth/Abbotsford,-37.79631,144.94671,16550,14500,15650
6137,17-Princes/Nicholson,-37.79321,144.97568,16400,4100,3250
18227,17-Southbank/Sturt,-37.82377,144.96723,61200,48100,40300
18229,17-Sturt/Southbank,-37.82362,144.96774,116400,40150,20800
19719,17-Waltham/Bridge,-37.818439,144.997215,96200,73050,57900
4146,18-Alexandra/Brunswick,-37.793628,144.979186,58750,35650,41300
4455,18-Alexandra/Brunswick,-37.792931,144.979458,74050,55750,24950
18057,18-Chapman/Abbotsford,-37.79496,144.94695,24250,21200,20600
19709,18-Church/Bridge,-37.81849,144.99873,146800,122200,34600
19718,18-Church/Bridge,-37.818655,144.999403,92300,60950,59550
6138,18-Curtain/Nicholson,-37.78966,144.97633,16200,14600,11750
19298,18-Eastern/Swan,-37.826557,145.021013,75500,52150,18500
19456,18-Eastern/Swan,-37.826451,145.02004,14450,18300,1000
18537,18-Erskine/Abbotsford,-37.79525,144.9468,4950,7400,5200
6064,18-Freeman/Nicholson,-37.78967,144.9764,100450,98050,50700
18226,18-Grant/Sturt,-37.82578,144.96663,68550,52650,24050
18230,18-Grant/Sturt,-37.82578,144.96672,39950,61750,8900
19379,18-Hoddle/Victoria,-37.809733,144.990967,51300,40500,25300
19731,18-Hoddle/Victoria,-37.809768,144.99108,128900,99300,38300
6053,18-Hodgson/Smith,-37.80161,144.98371,65500,81400,39500
6127,18-Hodgson/Smith,-37.80145,144.98392,256450,167400,101250
17328,18-Princes Park,-37.779384,144.960154,34600,11100,24200
17961,19-Abbotsford St Interchange,-37.79411,144.9471,72850,79550,13300
18536,19-Abbotsford St Interchange,-37.79373,144.94716,144850,80450,32900
16728,19-Brunswick/Sydney,-37.777294,144.960329,38850,124350,29150
17327,19-Brunswick/Sydney,-37.777582,144.960419,233500,57650,48500
6052,19-Johnston/Smith,-37.79906,144.98419,84250,65450,61150
6126,19-Johnston/Smith,-37.79884,144.98438,133300,91050,37450
18225,19-Miles/Sturt,-37.82843,144.96576,28550,42950,9850
18231,19-Miles/Sturt,-37.82818,144.96606,3800,29650,13900
4147,19-Newry/Brunswick,-37.790801,144.979664,35550,21150,13000
4456,19-Newry/Brunswick,-37.790534,144.979883,37700,21650,12300
19381,19-North Richmond Railway Station,-37.809697,144.992962,258000,177300,45150
19732,19-North Richmond Railway Station,-37.809782,144.992556,216300,121450,118100
19710,19-Richmond Town Hall,-37.81875,145.001374,66450,45050,24050
19717,19-Richmond Town Hall,-37.81881,145.00137,164150,86550,71250
19256,19-Royal Childrens Hospital,-37.793927,144.947922,285450,232200,171650
19594,19-Royal Childrens Hospital,-37.793717,144.947526,188300,130600,121600
19504,19-Shrine of Remembrance,-37.828827,144.971377,264250,128700,34300
19679,19-Shrine of Remembrance,-37.828935,144.971228,776150,631950,210200
6065,19-Tempany/Nicholson,-37.78732,144.97684,94500,62450,44100
6139,19-Tempany/Nicholson,-37.78731,144.97678,9350,8950,6150
17850,1-Flinders Street Railway Station,-37.818039,144.964895,2525750,1764350,317800
18214,1-Flinders/Queens Bridge,-37.819517,144.961243,185850,110550,48550
18465,1-Flinders/Queens Bridge,-37.81943,144.96111,134050,159350,34200
19489,1-Melbourne University,-37.798185,144.964417,2551050,1497450,753350
19696,1-Melbourne University,-37.798616,144.964242,186650,306100,81100
17848,1-Spencer/Bourke,-37.81706,144.95351,410000,387100,132900
17849,1-Spencer/Bourke,-37.816713,144.954391,1686650,981600,336650
17905,1-Spencer/Collins,-37.818882,144.954999,1197350,1038050,368700
17906,1-Spencer/Collins,-37.818777,144.954954,3009000,1460950,442350
21231,1-Spencer/Flinders,-37.82089,144.955615,1243650,491150,183800
21232,1-Spencer/Flinders,-37.821041,144.955412,242150,209450,72600
18035,1-Spencer/La Trobe,-37.813148,144.951683,15250,5750,3600
16727,20-Barkly Square,-37.774839,144.960738,155350,107450,61700
21962,20-Barkly Square,-37.774653,144.960933,162200,72450,33400
19711,20-Coppin/Bridge,-37.81898,145.00357,97050,55400,23650
19716,20-Coppin/Bridge,-37.81908,145.00398,164450,98550,60300
46437,20-Domain Interchange,-37.83258,144.97189,43050,21750,4950
4148,20-Fitzroy Bowls Club,-37.788299,144.980091,15150,32850,11250
4457,20-Fitzroy Bowls Club,-37.788174,144.980291,55200,26750,27250
6125,20-Keele/Smith,-37.79669,144.98475,179600,133600,42200
18224,20-Kings/Sturt,-37.83014,144.96531,39550,41800,10950
18232,20-Kings/Sturt,-37.83014,144.96541,41450,10850,22750
19382,20-Lennox/Victoria,-37.809992,144.995759,168650,141050,48050
19733,20-Lennox/Victoria,-37.810177,144.996201,233850,196450,83900
17959,20-Melrose/Flemington,-37.790417,144.94351,98250,125000,46700
19595,20-Melrose/Flemington,-37.790472,144.943456,123100,107700,33250
19505,20-Park Street,-37.831521,144.971389,199050,103450,40850
19678,20-Park Street,-37.832054,144.971652,555150,390950,222600
6066,20-Reid/Nicholson,-37.78505,144.97727,162600,104800,50700
6140,20-Richardson/Nicholson,-37.78525,144.97715,9350,20350,4400
6051,20-Rose/Smith,-37.79669,144.98459,35550,50600,26150
6050,21-Alexandra/Smith,-37.79416,144.98503,36500,36150,26150
6124,21-Alexandra/Smith,-37.79362,144.98528,64400,63750,24600
4149,21-Alfred/St Georges,-37.785429,144.981909,33050,18300,12350
4458,21-Alfred/St Georges,-37.785389,144.982151,102900,45200,43750
19506,21-Bowen/St Kilda,-37.834102,144.973907,6650,1200,#N/A
19677,21-Bowen/St Kilda,-37.834005,144.973907,13500,#N/A,21000
16726,21-Brunswick Town Hall,-37.771645,144.961264,56950,174300,29800
19712,21-Burnley/Bridge,-37.819539,145.008874,123100,176650,8700
19715,21-Burnley/Bridge,-37.8195,145.00777,201200,75400,81200
19383,21-Church/Victoria,-37.810494,145.000518,143800,97200,30700
21966,21-Church/Victoria,-37.810651,145.0008,205050,106200,69450
19316,21-Dallas Brooks/Domain,-37.833028,144.974492,4100,17400,#N/A
17325,21-Glenlyon/Sydney,-37.77137,144.961478,122400,45500,21250
6141,21-Pigdon/Nicholson,-37.78274,144.97762,11200,16950,#N/A
6067,21-Scotchmer/Nicholson,-37.78252,144.97772,235200,83850,38950
16725,22-Albert/Sydney,-37.768949,144.961719,88050,79250,37250
17324,22-Albert/Sydney,-37.768764,144.961923,110150,35200,35750
19259,22-Boundary/Flemington,-37.788408,144.941015,30700,38600,9300
19597,22-Boundary/Flemington,-37.788053,144.940605,11250,23700,27550
17958,22-Boundary/Racecourse,-37.78913,144.93985,99250,71750,18050
18533,22-Boundary/Racecourse,-37.78921,144.94015,104600,100950,42500
6142,22-Brunswick/Nicholson,-37.77918,144.97822,14350,27100,5750
18481,22-Dorcas/Eastern,-37.83222,144.96499,88350,27650,10050
19305,22-Dorcas/Eastern,-37.83218,144.96513,9650,31300,8500
6068,22-Holden/Nicholson,-37.77896,144.97839,168650,114700,101400
19384,22-McKay/Victoria,-37.810827,145.004044,19450,12600,15400
19735,22-McKay/Victoria,-37.810972,145.004232,171250,122500,104850
18666,22-Melbourne Grammar,-37.833571,144.977707,750,200,550
19317,22-Melbourne Grammar,-37.833433,144.97752,1050,250,400
22559,22-Scotchmer/St Georges,-37.783217,144.984023,99900,69200,27450
4150,22-Scotchmer/St Georges,-37.783414,144.983645,85950,56400,17000
6049,22-Smith/Queens,-37.79051,144.98629,11850,17200,11250
6123,22-Smith/Queens,-37.79067,144.9861,60700,11450,3350
19528,22-Toorak/St Kilda,-37.835937,144.975381,632800,354850,130800
19676,22-Toorak/St Kilda,-37.835475,144.975034,760800,480000,258450
19713,22-Yarra/Bridge,-37.8201,145.01405,95500,230700,36300
19714,22-Yarra/Bridge,-37.8203,145.01413,119050,70450,57300
19539,23-Arthur/St Kilda,-37.838855,144.976568,215750,156700,108400
19575,23-Arthur/St Kilda,-37.839296,144.976612,356900,237350,115300
19260,23-Flemington Community Centre,-37.785812,144.939112,234150,124050,46950
19598,23-Flemington Community Centre,-37.785601,144.938751,59450,44700,23750
19385,23-Flockhart/Victoria,-37.811126,145.00703,68600,40350,4500
22560,23-Hawthorn Bridge,-37.819806,145.016677,105550,100650,40600
22561,23-Hawthorn Bridge,-37.819922,145.016661,57500,34150,39150
18667,23-Hope/Domain,-37.833792,144.979516,50,50,50
19318,23-Hope/Domain,-37.833692,144.979533,200,50,50
19736,23-Leslie/Victoria,-37.811312,145.007619,398550,301600,161750
6069,23-Miller/Nicholson,-37.77608,144.97886,235050,204500,69900
6143,23-Miller/Nicholson,-37.77637,144.97862,10800,4000,58350
18482,23-Moray/Park,-37.83447,144.96385,38200,23700,9200
19306,23-Moray/Park,-37.83451,144.96435,2150,41650,11950
4151,23-Park/St Georges,-37.781507,144.985279,7350,9050,29200
4460,23-Park/St Georges,-37.781737,144.985294,30050,34550,21050
17957,23-Stubbs/Racecourse,-37.78877,144.93658,19750,23800,8650
18532,23-Stubbs/Racecourse,-37.7888,144.93619,23300,36800,11850
16724,23-Victoria/Sydney,-37.767142,144.962032,69900,85750,27450
17323,23-Victoria/Sydney,-37.766982,144.962233,125450,41200,24050
6048,23-Wellington/Queens,-37.78948,144.98875,14050,8250,12500
6122,23-Wellington/Queens,-37.78974,144.98835,62050,49400,30000
17322,24-Blyth/Sydney,-37.765356,144.962514,85700,35150,22750
16723,24-Brunswick Baptist Church,-37.765581,144.962304,28500,39750,37600
19386,24-Burnley/Victoria,-37.811358,145.01039,187700,68100,24300
19737,24-Burnley/Victoria,-37.811507,145.01012,464500,453200,151900
18483,24-Clarendon/Park,-37.835205,144.961306,78100,34750,11050
19307,24-Clarendon/Park,-37.83522,144.96194,67300,47500,20500
18531,24-Collett/Racecourse,-37.78851,144.93352,14700,16750,12450
18064,24-Elliott/Royal Park,-37.78811,144.94977,14150,35950,1550
6070,24-Glenlyon/Nicholson,-37.77338,144.97931,140150,155050,47400
6144,24-Glenlyon/Nicholson,-37.77361,144.97908,1800,13200,50150
6121,24-Gold/Queens,-37.78894,144.99026,71500,53500,47350
18341,24-Grattan/Church,-37.817879,145.018648,12150,1850,2700
18589,24-Hill/Church,-37.817974,145.018755,39650,12550,20300
4152,24-Holden/St Georges,-37.780067,144.986517,15400,24700,17500
4461,24-Holden/St Georges,-37.779882,144.986888,57850,82600,30500
19560,24-Leopold/St Kilda,-37.841156,144.977407,137300,124800,40350
19574,24-Leopold/St Kilda,-37.841537,144.977431,239050,182700,140450
6047,24-Michael/Queens,-37.78836,144.99142,22650,23400,14000
19261,24-Mooltan/Mt Alexander,-37.783935,144.936999,180100,103750,24400
19599,24-Mooltan/Mt Alexander,-37.784188,144.937155,59450,21550,22950
17956,24-Victoria/Racecourse,-37.78844,144.93349,36050,9000,1800
6071,25-Albert/Nicholson,-37.77042,144.97983,152450,198500,28100
6145,25-Albert/Nicholson,-37.77053,144.97963,2700,#N/A,#N/A
18342,25-Brook/Church,-37.815918,145.020606,18200,35150,3300
18588,25-Brook/Church,-37.815755,145.020977,55850,45650,18800
18484,25-Cecil/Park,-37.83591,144.95888,67450,25700,16950
19308,25-Cecil/Park,-37.83595,144.95941,6450,49950,16950
6046,25-Clifton Hill Interchange,-37.78565,144.99452,76600,53500,30000
6120,25-Clifton Hill Interchange,-37.78632,144.99399,37750,49700,21450
19561,25-Commercial/St Kilda,-37.844524,144.978632,683800,408100,142950
19573,25-Commercial/St Kilda,-37.844003,144.978399,661900,440900,178200
4153,25-Miller/St Georges,-37.778015,144.988298,14700,17700,16550
4462,25-Miller/St Georges,-37.777953,144.988554,57100,31050,16100
19262,25-Mount Alexander College,-37.782441,144.933936,36000,80850,27500
19600,25-Mount Alexander College,-37.782566,144.933867,39600,141200,6550
18669,25-Randall/Park,-37.835966,144.982067,5000,7800,#N/A
19320,25-Randall/Park,-37.835945,144.982237,50,100,#N/A
19387,25-River/Victoria,-37.811761,145.013246,53150,42700,23750
19738,25-River/Victoria,-37.811796,145.012939,180200,128300,48050
20778,25-St James Park,-37.82088,145.02103,10850,5550,4250
20779,25-St James Park,-37.82096,145.02111,47750,8850,4000
16722,25-Stewart/Sydney,-37.763233,144.962698,49200,28150,25050
17321,25-Stewart/Sydney,-37.763086,144.962902,94850,31050,60400
17955,25-Wellington/Racecourse,-37.78827,144.93125,40300,23800,14850
18530,25-Wellington/Racecourse,-37.788495,144.931507,25750,35150,8900
16721,26-Albion/Sydney,-37.760963,144.963091,64750,83500,53300
17320,26-Albion/Sydney,-37.760736,144.963308,91800,37650,18400
18899,26-Alfred Hospital,-37.845306,144.982318,115900,32250,12050
19133,26-Alfred Hospital,-37.84536,144.98231,153850,137900,88900
18343,26-Barkers/Church,-37.813273,145.02328,31850,10950,20550
19572,26-Beatrice/St Kilda,-37.847895,144.97976,308950,253400,104500
4154,26-Clarke/St Georges,-37.775927,144.989756,20550,23650,8700
4463,26-Clarke/St Georges,-37.775743,144.989862,50200,15000,17150
18573,26-Ferrars/Park,-37.83663,144.9564,26700,12600,16150
20780,26-Hawthorn Railway Station,-37.82145,145.02482,82450,15250,22250
20781,26-Hawthorn Railway Station,-37.82129,145.02458,30400,34550,16950
18066,26-Melbourne Zoo,-37.78242,144.94939,7100,64050,13500
19562,26-Moubray/St Kilda,-37.847552,144.979718,211700,160550,38450
17954,26-Newmarket Plaza,-37.78797,144.92815,76350,29500,21500
18529,26-Newmarket Plaza,-37.78807,144.92839,60050,66300,25750
19321,26-Toorak/Park,-37.837551,144.98194,11700,21200,13350
6072,26-Victoria/Nicholson,-37.76876,144.98009,84550,21400,#N/A
6146,26-Victoria/Nicholson,-37.76902,144.97988,900,#N/A,#N/A
6045,26-Walker/High,-37.78352,144.99618,11400,21850,5350
6119,26-Walker/High,-37.78353,144.99626,50600,26200,3550
19263,26-Wellington/Mt Alexander,-37.781117,144.932628,90050,112500,72300
19601,26-Wellington/Mt Alexander,-37.781432,144.932661,118850,113200,28250
6147,27-Blyth/Nicholson,-37.767465,144.98022,366150,129600,118900
16720,27-Brunswick Tram Depot,-37.757812,144.963637,28500,40950,12200
17319,27-Brunswick Tram Depot,-37.757422,144.963877,55100,27800,25200
20782,27-Burwood/Power,-37.82175,145.02628,28200,8400,#N/A
19264,27-Essendon Tram Depot,-37.779399,144.931184,54050,89600,35350
19602,27-Essendon Tram Depot,-37.779808,144.93131,138700,69600,65250
19389,27-Findon/Barkers,-37.812713,145.020623,25400,11600,1050
19740,27-Findon/Barkers,-37.812848,145.020723,163800,74950,19950
19563,27-High/St Kilda,-37.849867,144.980558,220450,231000,94650
19571,27-Lorne/St Kilda,-37.849916,144.980544,426800,234750,93650
19310,27-Montague/Park,-37.83733,144.95446,3250,41450,3900
18658,27-Park/Montague,-37.83752,144.95418,92900,50450,13900
20783,27-Power/Burwood,-37.82147,145.02628,19550,17300,13700
18918,27-Punt/Commercial,-37.84562,144.98484,34200,26950,7600
19132,27-Punt/Commercial,-37.84577,144.98516,35600,50800,17950
18067,27-Royal Park Station,-37.78075,144.95136,70850,31100,19750
18547,27-Royal Park Station,-37.78069,144.95124,49600,23700,10600
4155,27-Westbourne/St Georges,-37.773737,144.99019,60850,6600,18200
4464,27-Westbourne/St Georges,-37.773481,144.990338,26000,17150,17100
6044,27-Westgarth/High,-37.780471,144.996775,153650,100850,19350
6118,27-Westgarth/High,-37.78094,144.9968,116800,47450,31750
18923,28-Braille Library,-37.8459,144.98741,8850,9600,6400
19131,28-Braille Library,-37.84607,144.98756,44650,25950,19050
19311,28-Bridport/Montague,-37.84042,144.95572,7250,27650,11400
19265,28-Middle/Mt Alexander,-37.777493,144.92983,22750,20450,16500
19603,28-Middle/Mt Alexander,-37.777695,144.929774,12500,33300,9450
18659,28-Montague/Bridport,-37.84073,144.95532,157350,59450,45250
16719,28-Moreland/Sydney,-37.755637,144.964016,111350,112300,66600
17318,28-Moreland/Sydney,-37.755308,144.964249,98200,31650,18400
18068,28-Park/Royal Park,-37.777245,144.949965,99200,21450,5550
18548,28-Park/Royal Park,-37.776833,144.949523,28350,3950,1550
13401,28-Punt/High,-37.850563,144.984044,32850,21350,12200
17606,28-Punt/High,-37.850758,144.984373,36800,13850,6300
17953,28-Smithfield/Racecourse,-37.78763,144.92495,12850,13100,15400
18528,28-Smithfield/Racecourse,-37.78774,144.92534,11050,3200,7950
4156,28-Sumner/St Georges,-37.77157,144.990636,3450,10300,24800
4465,28-Sumner/St Georges,-37.771471,144.990731,28700,12900,32400
20784,28-Wattle/Power,-37.82478,145.02587,12350,17600,11150
20785,28-Wattle/Power,-37.82491,145.02571,24650,24450,13900
4157,29-Arthurton/St Georges,-37.768553,144.991241,48000,23750,15300
4466,29-Arthurton/St Georges,-37.768298,144.991565,78900,68150,20900
19742,29-Barkers/High,-37.812967,145.023775,311800,125800,87500
18660,29-Bridport/Victoria,-37.841563,144.953338,73050,60850,96250
18069,29-Brunswick/Grantham,-37.77554,144.94892,76850,81350,29000
18549,29-Brunswick/Royal Park,-37.77581,144.94875,21250,3950,7700
17952,29-Flemington Racecourse,-37.78739,144.92201,41200,24400,11500
18527,29-Flemington Racecourse,-37.78746,144.92185,12300,28350,3800
19391,29-High/Barkers,-37.813027,145.023177,30050,32900,20500
19312,29-Merton/Dundas,-37.841252,144.953862,112400,108600,20750
17317,29-Moore/Sydney,-37.753506,144.964551,13650,10150,7750
21961,29-Moore/Sydney,-37.753498,144.964414,12600,22400,14400
14033,29-Perth/High,-37.851053,144.987726,15350,4250,7950
17605,29-Perth/High,-37.851211,144.987928,17100,12800,9550
18931,29-Porter/Commercial,-37.84632,144.9906,15200,5800,2800
19130,29-Porter/Commercial,-37.84651,144.99071,44650,34250,36550
19299,29-Power/Riversdale,-37.827559,145.025583,163850,110350,52150
19454,29-Power/Riversdale,-37.827566,145.025721,81150,71100,32500
19565,29-Union/St Kilda,-37.852939,144.981684,238750,132350,62200
19569,29-Union/St Kilda,-37.852834,144.981536,326500,219750,123800
19266,29-Warrick/Mt Alexander,-37.775543,144.92853,34100,29900,18250
17851,2-Collins/Elizabeth,-37.815381,144.963602,1570100,663150,227450
17876,2-Collins/Elizabeth,-37.81602,144.964039,46800,84750,67000
18466,2-Flinders/Market,-37.81854,144.9607,87400,78800,10700
18042,2-King/La Trobe,-37.81248,144.953726,16700,17450,8700
18213,2-Market/Flinders,-37.81829,144.96037,63450,21900,13800
21233,2-Melbourne Aquarium,-37.820344,144.957708,39350,17250,12200
21234,2-Melbourne Aquarium,-37.820184,144.957967,249400,192950,54850
6041,30-Clarke/High,-37.77723,144.9974,14550,12950,21450
6115,30-Clarke/High,-37.776916,144.997467,59700,6700,2150
18526,30-Flemington Racecourse,-37.78542,144.91922,1750,2500,2500
17951,30-Flemington/Epsom,-37.78588,144.91993,16000,12700,7500
4158,30-Gladstone/St Georges,-37.765266,144.991914,8550,36250,11350
4468,30-Gladstone/St Georges,-37.765304,144.992168,70850,28800,22250
19605,30-Maribyrnong/Mt Alexander,-37.773008,144.926954,50000,14500,31150
19267,30-Ormond/Mt Alexander,-37.77243,144.926913,90900,85900,21550
18933,30-Prahran Market,-37.84654,144.9923,26450,19450,4900
19129,30-Prahran Market,-37.84671,144.99243,136950,107500,74650
14614,30-Prahran Station,-37.851319,144.989727,25200,15050,17400
17604,30-Prahran Station,-37.851388,144.989302,88100,80800,25250
18661,30-Richardson/Victoria,-37.84394,144.95128,87450,44350,27200
19313,30-Richardson/Victoria,-37.84379,144.95168,31900,129350,1250
19566,30-St Kilda Junction,-37.855028,144.982324,223000,178100,81250
19568,30-St Kilda Junction,-37.855299,144.982531,144250,116050,65900
16717,30-The Avenue/Sydney,-37.752071,144.964638,10050,77350,34350
17316,30-The Avenue/Sydney,-37.751859,144.964844,32750,15400,4250
19300,30-Through/Riversdale,-37.828208,145.029064,44350,5700,15400
19452,30-Through/Riversdale,-37.82808,145.02908,15700,7850,13450
18071,30-Union Square Shopping Centre,-37.77237,144.94953,117800,55200,8300
18550,30-Union Square Shopping Centre,-37.77256,144.94931,39500,29000,39500
19704,31-Barkly/St Kilda,-37.85793,144.98328,86400,35400,23900
19705,31-Barkly/St Kilda,-37.85763,144.98323,38650,98450,13200
4159,31-Bird/St Georges,-37.762126,144.992514,10300,4900,11550
18934,31-Chapel/Commercial,-37.84676,144.99402,101500,50300,30200
14728,31-Chapel/High,-37.851757,144.993207,83250,53100,67500
17603,31-Chapel/High,-37.851948,144.993535,128950,65950,27750
19128,31-Chapel/Malvern,-37.84694,144.99428,137850,154450,87000
18551,31-Dawson/Grantham,-37.7703,144.94974,14300,8300,12750
17315,31-Edward/Sydney,-37.748477,144.96545,84550,27600,25750
19301,31-Fordholm/Riversdale,-37.828508,145.031632,59450,16150,20550
19451,31-Fordholm/Riversdale,-37.828355,145.03151,19750,77950,#N/A
4469,31-Gadd/St Georges,-37.762691,144.992728,85200,99100,20100
18662,31-Graham/Victoria,-37.84567,144.94983,121000,112600,34600
19314,31-Graham/Victoria,-37.84577,144.95002,93450,47350,11350
18072,31-Grantham/Dawson,-37.77008,144.94976,55600,29050,4600
19268,31-Montgomery/Mt Alexander,-37.770602,144.926231,11350,34700,9100
19606,31-Montgomery/Mt Alexander,-37.770685,144.92607,62500,4750,5700
6040,31-Northcote Town Hall,-37.77471,144.99784,22850,16550,18750
6114,31-Northcote Town Hall,-37.77451,144.99805,71350,41850,30300
19035,31-Queens Way,-37.856249,144.987494,7100,2100,12400
19567,31-Queens Way,-37.85614,144.987413,13900,11350,14400
17950,31-Racing Victoria,-37.78402,144.91812,9850,10050,6450
18525,31-Racing Victoria,-37.78439,144.91825,3500,#N/A,15500
16716,31-Reynard/Sydney,-37.748736,144.965208,25200,41250,17800
19393,31-Stevenson/High,-37.810231,145.026159,33200,72550,5250
19744,31-Stevenson/High,-37.810084,145.02651,78650,57900,39600
19702,32-Alma/St Kilda,-37.86031,144.9843,118550,59200,41750
19703,32-Alma/St Kilda,-37.860347,144.984315,57500,61300,16300
18663,32-Beaconsfield/Victoria,-37.8472,144.94866,249450,94750,48500
19127,32-Bendigo/Malvern,-37.84745,144.99804,35050,17450,15350
18449,32-Chapel/Dandenong,-37.857513,144.992074,71650,45350,28150
19034,32-Chapel/Dandenong,-37.857751,144.992479,161450,104350,43500
18073,32-Foden/Dawson,-37.76979,144.94738,11100,4550,22500
19302,32-Glenferrie/Riversdale,-37.828838,145.034472,117650,39350,32650
19450,32-Glenferrie/Riversdale,-37.828632,145.033954,130050,161300,37750
17314,32-Harding/Sydney,-37.744886,144.96606,109100,39100,33600
19136,32-Havelock/Carlisle,-37.86704,144.97858,48650,33800,3100
15699,32-Hornby/High,-37.852199,144.996436,26950,15400,6000
17602,32-Hornby/High,-37.852353,144.996531,47250,35900,12800
19394,32-Kew Junction,-37.807605,145.028628,101400,54300,15350
19745,32-Kew Junction,-37.807434,145.029145,175300,161050,68300
6039,32-Mitchell/High,-37.771265,144.99862,37350,77600,19150
6113,32-Mitchell/High,-37.771372,144.998599,91500,72250,22450
19269,32-Moonee Ponds Junction,-37.766937,144.924911,445700,323800,177700
19608,32-Moonee Ponds Junction,-37.766651,144.924808,215050,166600,138200
16715,32-Munro/Sydney,-37.745065,144.965834,10050,34600,20600
4160,32-Normanby/St Georges,-37.758908,144.993163,13700,41000,17350
4470,32-Normanby/St Georges,-37.758581,144.993556,140800,46250,38650
17949,32-Sandown/Epsom,-37.78259,144.91671,91100,45200,12250
18524,32-Sandown/Epsom,-37.78267,144.91667,47500,23850,6600
18935,32-Surrey/Malvern,-37.84729,144.99781,19050,7300,4300
19700,33-Argyle/St Kilda,-37.86232,144.98486,56350,33600,17650
19701,33-Argyle/St Kilda,-37.86214,144.98491,26350,56200,8100
6038,33-Arthurton/High,-37.76941,144.9989,90300,59050,14650
18625,33-Barkly/Carlisle,-37.867117,144.981162,111500,98850,50950
19135,33-Barkly/Carlisle,-37.867087,144.981122,30600,18750,3300
19303,33-Berkeley/Riversdale,-37.82916,145.03726,14750,14400,12200
19449,33-Berkeley/Riversdale,-37.828988,145.036794,9450,12100,16700
18511,33-Chaucer/Ascot Vale,-37.770055,144.924447,20850,28350,11750
16714,33-Coburg Market,-37.743257,144.966152,15100,59850,22250
17313,33-Coburg Market,-37.743136,144.96636,139100,52150,22400
18553,33-Daly/Dawson,-37.76959,144.94442,9550,6850,5100
18936,33-Francis/Malvern,-37.84763,145.00033,6100,10050,2850
19126,33-Hobson/Malvern,-37.84788,145.00116,28400,33150,23150
18448,33-Hornby/Dandenong,-37.858205,144.995766,17750,13200,6650
19033,33-Hornby/Dandenong,-37.858276,144.99575,39100,17850,17950
4161,33-Hutton/St Georges,-37.755348,144.993877,7700,57700,1300
4471,33-Hutton/St Georges,-37.755181,144.994229,77150,56700,44400
18584,33-Kew Shopping Centre,-37.806675,145.031306,56750,31150,50800
19395,33-Kew Shopping Centre,-37.806814,145.030511,182700,81000,49900
17948,33-Melbourne Showgrounds,-37.78045,144.91481,29550,23500,3150
6112,33-Separation/High,-37.76926,144.99912,121100,104250,67900
18074,33-South Daly/Dawson,-37.7694,144.94417,66700,42400,5000
16610,33-The Avenue/High,-37.852438,144.99809,7250,12300,#N/A
16778,33-The Avenue/High,-37.852622,144.998606,28600,5200,11700
16713,34-Bell/Sydney,-37.741474,144.966471,47850,83800,39650
17312,34-Bell/Sydney,-37.74116,144.966663,70900,34750,27550
6037,34-Bent/High,-37.7677,144.99912,30100,12500,12500
17947,34-Burrowes/Union,-37.77853,144.91518,37700,14300,4850
18522,34-Burrowes/Union,-37.77863,144.91498,16300,15900,11800
18624,34-Greeves/Carlisle,-37.86759,144.983964,18200,5100,17200
19746,34-High/Cotham,-37.806988,145.031299,88900,50600,21600
19697,34-Inkerman/St Kilda,-37.86443,144.98568,67350,77300,14000
19698,34-Inkerman/St Kilda,-37.86477,144.98568,160050,83600,71800
19448,34-Kooyongkoot/Riversdale,-37.82918,145.03847,9000,18800,7500
19754,34-Kooyongkoot/Riversdale,-37.829308,145.038577,21950,20850,8150
16718,34-Lewisham/High,-37.852648,144.99969,5200,5200,3600
16777,34-Lewisham/High,-37.852831,145.000108,31100,19250,10050
18512,34-Maribyrnong/Ascot Vale,-37.772456,144.924028,48700,28350,23450
6111,34-McCutcheon/High,-37.76747,144.99928,63250,21250,30000
4162,34-Miller/St Georges,-37.752035,144.994888,11050,12700,5800
4472,34-Miller/St Georges,-37.75227,144.994927,43950,33300,11300
19119,34-Mitchell/Carlisle,-37.867476,144.984009,17400,8800,1650
19270,34-Moonee Valley Civic Centre,-37.76442,144.9254,15400,56300,8700
19609,34-Moonee Valley Civic Centre,-37.764009,144.925357,20800,9100,9250
18347,34-Pakington/High,-37.805621,145.033843,30900,52900,6500
19396,34-QPO,-37.806891,145.031653,39500,102450,22850
18075,34-Smith/Melville,-37.76731,144.94332,61000,24500,24850
18554,34-Smith/Melville,-37.76761,144.94309,6950,3550,19500
19032,34-The Avenue/Dandenong,-37.858507,144.997425,27650,14000,21700
18583,34-Union/High,-37.805638,145.034169,19650,9050,9000
18447,34-Westbury/Dandenong,-37.858416,144.997365,106850,40500,19800
18937,34-Williams/Malvern,-37.84802,145.00305,21900,13200,4250
19125,34-Williams/Malvern,-37.84819,145.00341,34600,66500,11850
17946,35-Bloomfield/Union,-37.77589,144.91556,42250,37150,5650
19118,35-Brighton/Carlisle,-37.868122,144.987699,44150,9400,13400
21963,35-Carlisle/St Kilda,-37.867733,144.98671,63500,24850,20350
19397,35-Charles/Cotham,-37.807311,145.035302,37400,27050,20550
19747,35-Charles/Cotham,-37.807473,145.035544,39400,16100,8050
18582,35-Charles/High,-37.804909,145.036144,38600,18900,15700
18348,35-Cobden/High,-37.805094,145.035307,48650,18750,18800
6036,35-Dennis/High,-37.76566,144.99929,13500,10700,26800
6110,35-Dennis/High,-37.76556,144.99953,74000,37450,21450
19124,35-Lorne/Malvern,-37.84859,145.00649,39500,20450,8050
18938,35-Mathoura/Malvern,-37.84848,145.00668,22700,12400,1800
17940,35-Moore/Maribyrnong,-37.772208,144.921133,1350,800,400
18513,35-Moore/Maribyrnong,-37.772343,144.921238,14600,8800,7550
18521,35-Munro/Union,-37.7761,144.91539,3250,13550,14500
19271,35-Queens Park,-37.762546,144.925783,30850,20600,7050
19623,35-Queens Park,-37.762698,144.925596,13900,2850,33000
19447,35-Robinson/Riversdale,-37.829539,145.041552,13200,22150,13500
19755,35-Robinson/Riversdale,-37.82966,145.04153,55300,39700,20500
4474,35-St Georges/Miller,-37.751643,144.994792,24150,26900,18050
18623,35-St Kilda/Carlisle,-37.867963,144.986577,81300,78750,22200
17311,35-St Pauls Catholic Church,-37.737506,144.966928,128600,103600,21750
18076,35-Victoria/Melville,-37.76471,144.94389,65050,29850,5300
18555,35-Victoria/Melville,-37.76491,144.94368,13950,5350,5100
18446,35-Williams/Dandenong,-37.858934,145.001184,98800,39850,23250
19031,35-Williams/Dandenong,-37.859046,145.001512,25150,22900,15000
16738,35-Williams/High,-37.853008,145.002322,18650,3850,9100
16776,35-Williams/High,-37.853169,145.00262,75900,36700,6700
18939,36-A'Beckett/Malvern,-37.84893,145.01005,2050,9250,650
18445,36-Alexandra/Dandenong,-37.859364,145.004397,84100,51350,26050
19446,36-Auburn/Riversdale,-37.829773,145.043503,64200,128250,29800
19756,36-Auburn/Riversdale,-37.82993,145.04381,155400,58950,22500
17939,36-Bayview Terrace - Stop 36,-37.771895,144.918291,1350,3900,2250
18514,36-Bayview/Maribyrnong,-37.772025,144.918255,4000,1000,1700
4163,36-Bracken/Miller,-37.751441,144.991319,6000,1850,2800
18622,36-Brighton/Chapel,-37.871089,144.989774,104200,51150,28250
19123,36-Canterbury/Malvern,-37.84895,145.00932,23950,19950,13400
16739,36-Chatsworth/High,-37.853555,145.006276,16600,14550,1450
16775,36-Chatsworth/High,-37.853762,145.006876,53500,24650,6550
19030,36-Closeburn/Dandenong,-37.859412,145.004211,15450,17500,14550
6035,36-Darebin/High,-37.76333,144.99969,14550,17150,12500
6109,36-Darebin/High,-37.76315,144.99995,56500,44150,32150
4473,36-Devon/Miller,-37.751266,144.990945,54550,28400,16300
18581,36-Gladstone/High,-37.803519,145.040031,34400,38450,10500
19398,36-Glenferrie/Cotham,-37.807621,145.037912,123050,119950,104750
19748,36-Glenferrie/Cotham,-37.807799,145.03826,175700,207550,61950
18077,36-Hope/Melville,-37.76204,144.94438,93500,62300,13800
18556,36-Hope/Melville,-37.76216,144.94415,6950,2950,15900
19624,36-Murray/Pascoe Vale,-37.759861,144.926078,13900,8850,5350
18349,36-Parkhill/High,-37.80349,145.039758,40950,32600,10800
17310,36-Rogers/Sydney,-37.735536,144.966074,77150,44400,48950
2113,36-Rogers/Sydney,-37.73584,144.966051,5950,75250,16050
19272,36-Salisbury/Pascoe Vale,-37.759741,144.926283,61650,35900,7050
18364,36-St Kilda Primary School,-37.87012,144.98835,60250,56500,24200
18973,36-St Kilda Primary School,-37.87011,144.98844,14950,4950,8900
18620,36-St Kilda Town Hall,-37.868227,144.988755,86050,32400,6700
19115,36-St Kilda Town Hall,-37.868093,144.988679,26200,14900,9500
17945,36-St Leonards/Union,-37.77357,144.91594,25100,10250,6900
18520,36-St Leonards/Union,-37.7737,144.91578,19550,14900,12650
16740,37-Airlie/High,-37.853863,145.008657,2050,850,1450
16774,37-Airlie/High,-37.853995,145.008687,31100,35500,12000
18078,37-Albion/Melville,-37.75856,144.94499,199200,134900,19900
18557,37-Albion/Melville,-37.75874,144.94477,3500,4200,5350
19399,37-Belmont/Cotham,-37.808123,145.042314,1800,7700,6450
19749,37-Belmont/Cotham,-37.808313,145.042771,23150,32500,16100
20775,37-Buckley/Pascoe Vale,-37.758013,144.926499,69400,53000,11750
18621,37-Carlisle/Chapel,-37.86849,144.990261,123050,142000,42200
19116,37-Carlisle/Chapel,-37.868207,144.990475,7550,1500,#N/A
18974,37-Chapel/Brighton,-37.87177,144.98949,11950,23050,1400
18619,37-Chapel/Carlisle,-37.868449,144.990496,106200,85300,69050
20597,37-Chapel/Carlisle,-37.868276,144.99014,145050,63500,47000
17309,37-Gaffney/Sydney,-37.733859,144.965402,90050,100700,30950
1784,37-Gaffney/Sydney,-37.734099,144.965318,5950,13650,14850
18350,37-Kew Cemetery,-37.802472,145.042566,3850,900,700
18580,37-Kew Cemetery,-37.802585,145.04265,7700,3400,8250
18444,37-Lansdowne/Dandenong,-37.85975,145.007335,170000,65650,27150
19029,37-Lansdowne/Dandenong,-37.859829,145.007232,22400,60050,11500
18519,37-Maribyrnong/Union,-37.771948,144.916058,1400,3900,7200
4164,37-Miller/Gilbert,-37.750348,144.988075,8100,12650,18400
4475,37-Miller/Gilbert,-37.7506,144.988128,93200,45000,10550
18940,37-Orrong/Malvern,-37.84919,145.01208,8100,13050,2600
19069,37-Orrong/Malvern,-37.84938,145.01247,50450,17050,17500
19445,37-Tooronga/Riversdale,-37.83026,145.04764,20100,35500,14650
19757,37-Tooronga/Riversdale,-37.83038,145.04785,71400,19200,18250
17938,37-Union/Maribyrnong,-37.771671,144.91619,46750,42950,11350
18515,37-Union/Maribyrnong,-37.771814,144.916389,13250,8000,5550
6034,37-Woolton/High,-37.76153,145.00004,14550,77800,5350
6108,37-Woolton/High,-37.76124,145.00026,45750,58850,52400
18632,38-Balaclava Station,-37.868822,144.993369,211500,239600,40300
20598,38-Balaclava Station,-37.86873,144.993778,98200,54950,22500
18975,38-Brunning/Brighton,-37.8728,144.99012,18950,28600,7950
17308,38-Carr/Sydney,-37.732113,144.964627,96450,49200,36750
6107,38-Clarendon/High,-37.759443,145.000445,79400,33150,12500
18941,38-Clendon/Malvern,-37.84962,145.01536,35650,32150,5200
19068,38-Clendon/Malvern,-37.84979,145.01562,37750,8800,5250
18516,38-Ferguson/Maribyrnong,-37.771416,144.912753,11450,17050,13950
19626,38-Fletcher/Pascoe Vale,-37.75611,144.926033,12400,33450,9450
19444,38-Hastings/Riversdale,-37.83069,145.051339,4650,7850,22400
19758,38-Hastings/Riversdale,-37.83084,145.05162,66500,21150,20400
17937,38-Hotham/Maribyrnong,-37.771235,144.912329,20100,21400,5300
18618,38-Inkerman/Chapel,-37.865442,144.990821,33050,38100,12750
19113,38-Inkerman/Chapel,-37.8652,144.991035,4400,3200,2550
18079,38-Jacobs Reserve,-37.75662,144.94538,24400,37450,20800
19400,38-Marshall/Cotham,-37.808532,145.045839,17800,12350,#N/A
19750,38-Marshall/Cotham,-37.808705,145.046175,25500,11100,12500
20980,38-Normanby/High,-37.759707,145.000032,29050,38900,34300
4165,38-Oakover/Gilbert,-37.748079,144.988378,8100,1750,8950
4476,38-Oakover/Gilbert,-37.748292,144.988526,29050,9150,21400
18443,38-Orrong/Dandenong,-37.860171,145.010397,102300,51100,45500
19028,38-Orrong/Dandenong,-37.860305,145.010683,41950,140300,12600
16741,38-Orrong/High,-37.854216,145.011454,10350,2300,16550
16773,38-Orrong/High,-37.854385,145.011708,41050,57500,5900
19274,38-Pascoe Vale/Fletcher,-37.755817,144.925929,82700,48800,31300
18351,38-Victoria Park,-37.801255,145.045977,10800,2950,2400
18579,38-Victoria Park,-37.801314,145.046176,37200,54650,19100
18365,38-Wimbledon/Brighton,-37.87288,144.99008,63150,35200,17500
18617,39-Argyle/Chapel,-37.86339,144.991183,16500,22850,#N/A
16742,39-Auburn/High,-37.854684,145.014969,5200,750,16800
16772,39-Auburn/High,-37.854869,145.015352,11200,74700,5600
6032,39-Ballantyne/High,-37.758349,145.0006,15550,7200,21450
17936,39-Bowen/Maribyrnong,-37.770865,144.909005,32450,29950,13650
18517,39-Bowen/Maribyrnong,-37.771029,144.909182,18750,12850,11050
19443,39-Camberwell Tram Depot,-37.831024,145.054312,39000,86250,8400
19759,39-Camberwell Tram Depot,-37.831217,145.054787,163100,53050,29900
20599,39-Carlisle/Carlisle,-37.869069,144.996509,26650,12000,7450
19067,39-Densham/Malvern,-37.85016,145.01843,18650,8600,12300
19401,39-Florence/Cotham,-37.80894,145.049274,14250,16550,5650
18367,39-Glen Eira/Brighton,-37.87596,144.99202,57300,15250,39700
18976,39-Glen Eira/Brighton,-37.87664,144.99255,17950,18950,4000
6106,39-Gooch/High,-37.75836,145.00074,24200,7200,5350
18352,39-Harp/High,-37.799429,145.050345,13900,17000,2850
18578,39-Harp/High,-37.799567,145.050271,55700,25900,10750
19275,39-Hoddle/Fletcher,-37.755467,144.922763,48250,63150,48450
19627,39-Hoddle/Fletcher,-37.755693,144.923163,43450,7500,12100
18942,39-Irving/Malvern,-37.85005,145.01861,4850,4450,650
4166,39-Latona/Gilbert,-37.745635,144.988805,3450,22150,4750
4477,39-Latona/Gilbert,-37.745624,144.988966,59300,56900,12200
18080,39-Mattingley/Melville,-37.7548,144.94571,28450,25500,10850
17307,39-Mercy College,-37.72989,144.963855,57850,25500,6100
18633,39-Orange/Carlisle,-37.869243,144.996738,54850,30850,16450
19751,39-Thomas/Cotham,-37.80912,145.049744,44000,17050,14500
17852,3-Bourke Street Mall,-37.813405,144.962703,1493450,875500,256400
17875,3-Bourke Street Mall,-37.814037,144.963124,280250,621450,136450
19491,3-Lincoln Square,-37.80237,144.963693,1108000,725700,308400
19694,3-Lincoln Square,-37.802625,144.963559,44800,102450,31600
18087,3-Market/Flinders,-37.819195,144.961325,616400,304100,66300
18178,3-Market/Flinders,-37.81927,144.96136,203050,176150,52200
17597,3-William/Bourke,-37.81588,144.95763,282100,292600,105600
17885,3-William/Bourke,-37.81573,144.95789,922800,556550,148750
17903,3-William/Collins,-37.817609,144.959431,834150,521000,252350
17908,3-William/Collins,-37.817368,144.959917,1577950,1125450,323650
18467,3-William/Flinders,-37.81864,144.95977,27000,58350,16400
18033,3-William/La Trobe,-37.811711,144.956713,137400,141650,21300
18043,3-William/La Trobe,-37.811795,144.95618,203950,93300,37750
18616,40-Alma/Chapel,-37.86158,144.991506,77100,18600,7450
19111,40-Alma/Chapel,-37.861371,144.99173,8800,10600,2400
16743,40-Armadale Station,-37.855122,145.018252,7250,1400,3600
16771,40-Armadale Station,-37.855275,145.018408,70900,15950,31000
4167,40-Bell/Gilbert,-37.744087,144.989056,18500,22150,11000
4478,40-Bell/Gilbert,-37.743542,144.98925,47200,25000,26600
19442,40-Camberwell Junction,-37.831269,145.05643,124600,126350,82850
19760,40-Camberwell Junction,-37.831486,145.057145,63200,37500,17000
21964,40-Camberwell Junction,-37.831595,145.056912,56650,13400,18850
17935,40-Epsom/Maribyrnong,-37.770432,144.90512,48500,20550,11050
18518,40-Epsom/Maribyrnong,-37.770629,144.905675,16500,13400,11550
18353,40-Harp Village,-37.798632,145.052023,11600,6800,700
18577,40-Harp Village,-37.798721,145.052191,26000,23150,15500
20647,40-Hotham/Balaclava,-37.869421,144.999335,70250,13900,9650
18634,40-Hotham/Carlisle,-37.869608,144.99963,17850,36650,12250
18943,40-Kooyong/Malvern,-37.85041,145.02133,6500,2000,2950
19066,40-Kooyong/Malvern,-37.85057,145.02157,7250,8050,8900
4206,40-Mansfield/High,-37.75672,145.00083,32200,24950,13400
6105,40-Mansfield/High,-37.7567,145.00105,83450,16250,38050
18081,40-Moreland/Melville,-37.75316,144.9459,212350,252100,22750
19276,40-Nicholson/Fletcher,-37.755176,144.920205,41350,16450,9700
19628,40-Nicholson/Fletcher,-37.755454,144.92096,24800,32650,11250
17306,40-North Coburg Terminus,-37.727583,144.963651,302250,185900,91450
18368,40-Scott/Brighton,-37.87895,144.99389,45650,24100,5250
18977,40-Scott/Brighton,-37.87889,144.99397,13950,21150,2750
19402,40-St George's Hospital,-37.809378,145.052913,16050,30100,950
19752,40-St George's Hospital,-37.809527,145.053053,48650,21200,17450
18441,40-Wattletree/Dandenong,-37.860807,145.014539,49550,26400,13950
19027,40-Wattletree/Dandenong,-37.860785,145.014784,18900,39400,27650
18944,41-Albany/Malvern,-37.85076,145.02396,400,1600,#N/A
398,41-Armadale/Wattletree,-37.86094,145.017791,9250,13400,7500
4205,41-Blythe/High,-37.75436,145.00123,24900,13400,22800
4168,41-Bruce/Gilbert,-37.741312,144.989495,3450,8850,2000
4479,41-Bruce/Gilbert,-37.740957,144.98971,23000,9500,10800
19441,41-Camberwell Market,-37.831409,145.057631,97450,47950,22700
18440,41-Cantala/Dandenong,-37.86197,145.01764,9500,2950,3150
19026,41-Cantala/Dandenong,-37.86192,145.01774,2250,#N/A,#N/A
18354,41-Clyde/High,-37.797437,145.054788,5400,400,#N/A
18369,41-Coleridge/Brighton,-37.88084,144.99508,33050,15600,16250
18978,41-Coleridge/Brighton,-37.8808,144.99516,8950,18500,7400
6104,41-Collins/High,-37.75455,145.00137,53800,38800,29500
18635,41-Empress/Balaclava,-37.869982,145.002581,7700,42950,13200
19277,41-Fletcher/Napier,-37.754926,144.917603,214100,55400,26400
19657,41-Fletcher/Napier,-37.754946,144.917374,88500,227050,67200
19403,41-Kew Traffic School,-37.80993,145.057672,10700,22700,4850
19753,41-Kew Traffic School,-37.810095,145.057874,44000,15150,13700
16744,41-Kooyong/High,-37.85542,145.020584,45600,10800,13200
16770,41-Kooyong/High,-37.855586,145.020804,37300,30050,16950
18485,41-Maribyrnong Park,-37.770295,144.90257,33300,9450,11650
992,41-Maribyrnong Park,-37.770083,144.902055,41700,11150,14600
19065,41-Murray/Malvern,-37.85088,145.02392,10000,#N/A,7650
21061,41-Riversdale Road - Stop 41,-37.83211,145.05775,74650,87900,35000
18615,41-St Michaels Grammar School,-37.859528,144.991869,11000,17200,4250
19110,41-St Michaels Grammar School,-37.859381,144.992084,4400,4800,23950
18576,41-Station/High,-37.797969,145.053922,31200,9700,12150
20648,41-Vadlure/Balaclava,-37.869703,145.001579,16250,12100,21400
18082,41-Woodlands/Melville,-37.74932,144.94655,288150,69550,21850
21042,42-Allan/Balaclava,-37.870179,145.005311,53900,9700,12700
19404,42-Burke/Cotham,-37.810278,145.060493,39150,90400,33700
19778,42-Burke/Whitehorse,-37.810441,145.060857,75350,68350,27450
21062,42-Camberwell Primary School,-37.83296,145.05874,15800,11800,16050
21063,42-Camberwell Primary School,-37.83334,145.05897,3850,4200,3350
1083,42-Clyde/Raleigh,-37.7697,144.898846,44450,13700,8450
18486,42-Clyde/Raleigh,-37.769767,144.898355,16800,19100,10200
4169,42-Cramer/Gilbert,-37.739099,144.989836,4650,900,6600
4480,42-Cramer/Gilbert,-37.738906,144.990027,32700,42600,34500
18614,42-Dandenong/Chapel,-37.858047,144.992218,25850,43900,12400
19109,42-Dandenong/Chapel,-37.857476,144.992393,8300,3700,6000
6103,42-Dundas/Plenty,-37.75198,145.002,114400,185850,135750
19440,42-Fermanagh/Riversdale,-37.831688,145.0602,22250,24900,10450
19761,42-Fermanagh/Riversdale,-37.831824,145.060182,13300,1700,700
19376,42-Grice/Mt Alexander,-37.752654,144.91588,26050,2200,17350
18370,42-Hotham/Brighton,-37.88286,144.99634,45650,10900,7650
18979,42-Hotham/Brighton,-37.88296,144.9965,4000,3950,#N/A
16745,42-Huntingtower/High,-37.855831,145.023668,8300,7800,8400
16769,42-Huntingtower/High,-37.855992,145.023829,11200,14700,6000
18355,42-Irymple/High,-37.796393,145.057154,6200,2600,2550
18439,42-Kooyong/Dandenong,-37.86284,145.01964,11900,7050,7700
19025,42-Kooyong/Dandenong,-37.8626,145.0193,6200,11150,10900
12599,42-Kooyong/Wattletree,-37.861185,145.019617,22400,15800,3850
409,42-Kooyong/Wattletree,-37.861342,145.019899,10000,17250,5250
18945,42-Lauriston Girls School,-37.85107,145.02623,6100,7600,5100
19064,42-Lauriston Girls School,-37.85119,145.02633,23200,22600,8700
4204,42-Miller/High,-37.75238,145.00158,34250,36100,3550
18083,42-Reynard/Melville,-37.7464,144.94456,212350,261450,25050
19658,42-Shamrock/Mt Alexander,-37.752499,144.915644,5200,2750,19200
18636,42-Sidwell/Balaclava,-37.870339,145.005587,1850,8300,3350
18575,42-Woodlands/High,-37.796323,145.057672,26750,58500,19950
19467,43-Brewster/Mt Alexander,-37.750301,144.914259,13000,26800,15750
18371,43-Brighton/Glenhuntly,-37.8839,144.99758,15700,22550,18650
18980,43-Brighton/Glenhuntly,-37.8838,144.99784,28500,15200,12300
21064,43-Camberwell Civic Centre,-37.83459,145.06063,7050,18650,2900
21065,43-Camberwell Civic Centre,-37.83481,145.06071,30950,7550,#N/A
18710,43-Deepdene Shopping Centre,-37.810922,145.064882,58000,7050,17450
19405,43-Deepdene Shopping Centre,-37.81079,145.064724,4200,31800,30000
19024,43-Egerton/Dandenong,-37.86379,145.02205,5150,2350,1000
11285,43-Egerton/Wattletree,-37.86159,145.0227,8900,2100,5200
940,43-Egerton/Wattletree,-37.861698,145.022698,4300,400,2000
18946,43-Glenferrie/Malvern,-37.851503,145.029877,38400,32200,15550
19063,43-Glenferrie/Malvern,-37.85172,145.0302,81150,52800,15800
18786,43-Glenferrie/Toorak,-37.843746,145.031107,177650,79500,19550
18356,43-Kew High School,-37.794637,145.061153,2300,#N/A,16200
18574,43-Kew High School,-37.794704,145.061354,78750,18050,16550
18438,43-Matlock/Dandenong,-37.86382,145.02191,6500,10600,1000
16746,43-Mercer/High,-37.856121,145.025937,7250,3850,#N/A
16768,43-Mercer/High,-37.856286,145.026231,28600,9700,15000
4170,43-Murray/Gilbert,-37.736716,144.990216,2300,10650,19900
4481,43-Murray/Gilbert,-37.736465,144.990416,79900,55400,15100
18637,43-Orrong/Balaclava,-37.870745,145.008792,18050,15850,11150
21057,43-Orrong/Balaclava,-37.870556,145.008466,32500,16750,6300
18084,43-Princes/Melville,-37.74393,144.945,106150,30900,40950
4203,43-Raglan/Plenty,-37.74918,145.0037,28350,36350,41300
4512,43-Raglan/Plenty,-37.74944,145.00372,83950,26500,19650
19439,43-Trafalgar/Riversdale,-37.832061,145.063507,5050,8700,8300
19762,43-Trafalgar/Riversdale,-37.832247,145.063857,10900,3350,4300
18487,43-Van Ness/Raleigh,-37.769504,144.896065,14950,21100,10650
4945,43-Van Ness/Raleigh,-37.76932,144.895676,26600,10700,22550
18613,43-Windsor Railway Station,-37.856242,144.992447,7000,20950,15450
19108,43-Windsor Railway Station,-37.856129,144.992652,50450,13450,8600
18437,44-Bailey/Dandenong,-37.86462,145.02368,7550,1500,#N/A
19023,44-Bailey/Dandenong,-37.86456,145.02384,1050,550,#N/A
13995,44-Barb/Raleigh,-37.768895,144.89198,81750,63100,14900
18085,44-Brearley/Melville,-37.74159,144.9454,166850,61800,36400
18564,44-Brearley/Melville,-37.74197,144.94513,26000,#N/A,#N/A
20895,44-Burke/Doncaster,-37.79347,145.06427,169850,133750,26100
18357,44-Burke/High,-37.79353,145.063661,750,800,2200
4171,44-Cooper/Gilbert,-37.73454,144.990587,1150,12800,#N/A
4482,44-Cooper/Gilbert,-37.734609,144.990733,30250,15700,7100
18732,44-Deepdene Park,-37.811375,145.068669,35450,25600,25350
19406,44-Deepdene Park,-37.811241,145.068526,21050,15450,18750
19438,44-Derby/Riversdale,-37.832339,145.065888,1800,#N/A,2050
19763,44-Derby/Riversdale,-37.832482,145.06606,6100,1350,4450
18612,44-Duke/Chapel,-37.8541,144.99283,24500,24000,11000
19107,44-Duke/Chapel,-37.85399,144.993044,28000,21300,2300
10371,44-Duncraig/Wattletree,-37.861895,145.025089,21650,23200,9450
946,44-Duncraig/Wattletree,-37.862064,145.025472,6000,400,700
18372,44-Elsternwick Railway Station,-37.88431,145.00056,58000,15250,16100
18981,44-Elsternwick Railway Station,-37.88415,145.00038,105750,105100,28500
16747,44-Glenferrie/High,-37.856536,145.029166,39950,79050,27000
16767,44-Glenferrie/High,-37.856705,145.029499,121800,54950,14150
18638,44-Ontario/Balaclava,-37.871189,145.012363,6100,14800,10050
4511,44-Osborne/Plenty,-37.74688,145.00542,43750,51950,11800
21058,44-Otira/Balaclava,-37.871072,145.012393,16900,2800,10050
18947,44-Plant/Malvern,-37.8519,145.0325,5400,1350,1550
19062,44-Plant/Malvern,-37.85208,145.03289,14600,6550,18200
4202,44-Seymour/Plenty,-37.74706,145.00512,6750,2800,10800
19468,44-Thorn/Mt Alexander,-37.748105,144.912749,39050,33400,14200
19660,44-Thorn/Mt Alexander,-37.748356,144.9128,10400,5450,19450
21066,44-Trafalgar/Camberwell,-37.83592,145.06216,8800,7450,950
21067,44-Trafalgar/Camberwell,-37.83642,145.06252,11600,3200,#N/A
18488,44-Warrs/Raleigh,-37.769053,144.892182,25900,41900,16250
18086,45-Bell/Melville,-37.73941,144.945593,485300,316550,203850
4201,45-Bell/Plenty,-37.74572,145.00602,25650,29550,8850
4510,45-Bell/Plenty,-37.7454,145.00647,61200,107750,18700
21068,45-Bowen/Camberwell,-37.83771,145.0642,1750,1150,2900
21069,45-Bowen/Camberwell,-37.83791,145.06419,27050,25800,14600
18358,45-Burke/Doncaster,-37.793167,145.065211,26300,8900,15550
16748,45-De La Salle College,-37.856943,145.032378,27300,7750,11350
16766,45-De La Salle College,-37.857158,145.032888,83250,2200,54500
18948,45-Elizabeth/Malvern,-37.85227,145.03534,14100,5600,3450
19061,45-Elizabeth/Malvern,-37.85241,145.03542,32250,20400,9550
18373,45-Elsternwick Shopping Centre,-37.88475,145.00395,18150,26750,11900
18982,45-Elsternwick Shopping Centre,-37.88461,145.00381,40500,53900,8950
19469,45-Glass/Mt Alexander,-37.746487,144.911631,130200,39800,22000
10311,45-Glenferrie/Wattletree,-37.862294,145.02819,110100,69750,48300
947,45-Glenferrie/Wattletree,-37.862457,145.02851,47150,34500,26150
18733,45-Hardwicke/Whitehorse,-37.811748,145.071786,32250,12850,2800
19407,45-Hardwicke/Whitehorse,-37.811588,145.071382,12650,29450,1900
18611,45-High/Chapel,-37.851957,144.99328,96700,90350,39000
19106,45-High/Chapel,-37.851727,144.993497,73050,59500,14850
4483,45-Jacka/Gilbert,-37.732835,144.991024,64750,34100,19650
18639,45-Kent/Balaclava,-37.87155,145.015116,6100,5650,10850
19661,45-Leake/Mt Alexander,-37.746382,144.911458,10400,22250,29200
21059,45-Lumeah/Balaclava,-37.871355,145.01468,31000,7550,8900
18489,45-Maribyrnong Community Centre,-37.768744,144.88955,9400,39900,8500
15559,45-Randall/Raleigh,-37.768631,144.888937,65150,17600,6000
21071,46-Acheron/Camberwell,-37.83981,145.0663,7900,8000,9350
18734,46-Balwyn Cinema,-37.81224,145.075931,122500,25950,19050
19408,46-Balwyn Cinema,-37.812114,145.075788,21050,79500,3950
18610,46-Chatham/Chapel,-37.849082,144.99371,26350,14700,8700
19105,46-Chatham/Chapel,-37.848951,144.993918,54750,47800,23300
21070,46-Christowel/Camberwell,-37.8394,145.06608,7200,2050,#N/A
16749,46-Fraser/High,-37.857387,145.035613,8050,#N/A,6800
16765,46-Fraser/High,-37.857554,145.035798,36550,1950,25000
18640,46-Kooyong/Balaclava,-37.871891,145.017962,15850,7250,14700
21060,46-Kooyong/Balaclava,-37.871732,145.017653,24950,20450,10050
19662,46-Lincoln/Mt Alexander,-37.744772,144.910346,15600,9900,12400
18949,46-Meredith/Malvern,-37.85278,145.03923,3250,18350,750
950,46-Nicholls/Wattletree,-37.862829,145.031391,4200,14850,2500
18374,46-Orrong/Glenhuntly,-37.88505,145.00621,25400,21350,29250
18983,46-Orrong/Glenhuntly,-37.88486,145.0057,44100,56950,20400
17917,46-Rosamond/Raleigh,-37.768884,144.886727,69100,45700,13900
18490,46-Rosamond/Raleigh,-37.769001,144.887156,12950,1600,13300
19060,46-Shaftesbury/Malvern,-37.85286,145.03882,26750,25600,9750
9156,46-Soudan/Wattletree,-37.862657,145.030955,7450,30850,7100
19436,46-Spencer/Riversdale,-37.832809,145.070018,16700,26600,6300
19764,46-Spencer/Riversdale,-37.83294,145.069867,10000,2150,2750
18571,46-Wattle/Doncaster,-37.793002,145.067398,16800,15550,5550
18735,47-Balwyn/Whitehorse,-37.812917,145.081526,52150,15450,23150
19409,47-Balwyn/Whitehorse,-37.81277,145.081191,30100,36500,12050
8345,47-Cabrini Hospital,-37.862973,145.033435,50050,50800,14700
955,47-Cabrini Hospital,-37.863152,145.033855,4650,9150,2450
18468,47-Caulfield Junior College,-37.872147,145.021158,34800,15050,12850
18609,47-Commercial/Chapel,-37.846973,144.994031,137350,75450,21750
4199,47-David/Plenty,-37.74321,145.00796,6750,42200,3950
4508,47-David/Plenty,-37.7429,145.0084,33250,6150,#N/A
16750,47-Dixon/High,-37.857698,145.038017,6450,15500,4100
16764,47-Dixon/High,-37.857822,145.038012,36550,19900,14750
18641,47-Elmhurst/Balaclava,-37.872302,145.021179,34500,47200,25100
19104,47-Malvern/Chapel,-37.846697,144.994258,88750,78500,28800
19470,47-Mt Alexander/Keilor,-37.743949,144.908946,68650,53100,13950
19663,47-Mt Alexander/Keilor,-37.744144,144.909077,20850,7850,15000
18360,47-North Balwyn Shopping Centre,-37.792707,145.071435,11550,24250,2800
18570,47-North Balwyn Shopping Centre,-37.79271,145.070861,106200,44150,36800
21073,47-Orange/Camberwell,-37.84115,145.06781,5250,3550,8200
18375,47-Shoobra/Glenhuntly,-37.88539,145.00911,32000,25800,8800
18984,47-Shoobra/Glenhuntly,-37.88527,145.00913,34450,29550,13850
18950,47-Tooronga/Malvern,-37.85313,145.04199,13550,7800,6000
19059,47-Tooronga/Malvern,-37.85331,145.04227,53500,51300,38300
4484,47-West Preston,-37.729183,144.991589,241200,159550,55850
19435,47-Willow/Riversdale,-37.833106,145.072399,7250,18750,1650
19765,47-Willow/Riversdale,-37.833272,145.07267,34750,5150,4900
18432,48A-Dandenong/Hawthorn,-37.86599,145.025979,36700,19200,6900
18736,48-Balwyn Shopping Centre,-37.813197,145.083793,79800,15200,21900
19410,48-Balwyn Shopping Centre,-37.81306,145.083619,58200,27150,30250
18608,48-Cliff/Chapel,-37.843832,144.994654,28500,12850,15850
19434,48-Cooloongatta/Riversdale,-37.833653,145.077099,19250,7650,9950
19766,48-Cooloongatta/Riversdale,-37.833795,145.077245,19550,19900,4000
7354,48-Dixon/Wattletree,-37.863394,145.036632,28750,29400,12200
968,48-Dixon/Wattletree,-37.863573,145.037087,1850,800,650
18951,48-Edgar/Malvern,-37.85356,145.04556,13000,8450,2250
19058,48-Edgar/Malvern,-37.85373,145.04583,38950,20100,12150
21075,48-Glen Iris/Camberwell,-37.8423,145.06912,71150,13400,9350
20524,48-Glenferrie/Dandenong,-37.866055,145.027813,4300,#N/A,5500
4198,48-Gower/Plenty,-37.74115,145.00959,31050,28150,5300
4507,48-Gower/Plenty,-37.74077,145.01009,96200,7050,7850
19019,48-Hawthorn/Dandenong,-37.86543,145.02584,32000,6400,8500
20523,48-Hawthorn/Dandenong,-37.865812,145.026465,3250,2800,2500
21074,48-Orrong/Camberwell,-37.84212,145.06912,2400,6750,#N/A
18569,48-Osburn/Doncaster,-37.793414,145.074565,29450,46050,14700
18376,48-Parkside/Glenhuntly,-37.88576,145.01224,53150,8800,13200
18985,48-Parkside/Glenhuntly,-37.88565,145.01227,9050,19700,9650
17918,48-Raleigh/Wests,-37.769641,144.882816,3950,7850,2000
19471,48-Service/Keilor,-37.742687,144.905772,87400,27300,13700
19664,48-Service/Keilor,-37.74282,144.905696,10000,14700,#N/A
16751,48-Tooronga/High,-37.858077,145.041048,11250,#N/A,6350
16762,48-Tooronga/High,-37.858274,145.041356,50750,13750,5950
22320,48-Wests/Cordite,-37.769367,144.882517,37500,23500,12800
18491,48-Wests/Raleigh,-37.7694,144.883319,11100,38850,16350
19103,48-Wilson/Chapel,-37.843635,144.994894,45600,33050,5550
18607,49-Arthur/Chapel,-37.841973,144.995051,18250,25150,5550
19018,49-Arthur/Hawthorn,-37.86773,145.025749,25300,19050,12350
19057,49-Belmont/Malvern,-37.85405,145.04842,24350,21850,11500
18568,49-Buchanan/Doncaster,-37.793941,145.077723,41000,24050,47750
17944,49-Central Park/Cordite,-37.76885,144.87783,148050,89900,28400
18362,49-Cityview/Doncaster,-37.793758,145.077462,17850,650,#N/A
19665,49-Essendon North Primary School,-37.741702,144.903022,19950,31500,10750
19472,49-Essendon North PS,-37.741497,144.902879,56150,29600,13150
19433,49-Glyndon/Riversdale,-37.833905,145.079273,4000,17400,#N/A
19767,49-Glyndon/Riversdale,-37.834081,145.07965,3900,1350,4800
16752,49-Harold Holt Swim Centre,-37.858457,145.044194,11250,#N/A,#N/A
16761,49-Harold Holt Swim Centre,-37.858669,145.044703,79150,36800,8500
17919,49-Highpoint Shopping Centre,-37.773252,144.882153,14650,11550,4700
18492,49-Highpoint Shopping Centre,-37.773277,144.882307,46400,72650,7100
18952,49-Kenilworth/Malvern,-37.8539,145.04832,10300,8750,3500
18392,49-Kooyong/Glenhuntly,-37.8861,145.01509,59800,26500,37850
18986,49-Kooyong/Glenhuntly,-37.88596,145.01487,35050,12200,9300
4197,49-Murray/Plenty,-37.73889,145.01137,67450,60700,40800
4506,49-Murray/Plenty,-37.73873,145.01167,89200,47800,45200
18737,49-Northcote/Whitehorse,-37.813693,145.087957,33750,18500,19350
19411,49-Northcote/Whitehorse,-37.81355,145.087753,16050,70650,5400
19102,49-Palermo/Chapel,-37.841936,144.995208,25650,14450,12500
2232,49-Tooronga/Wattletree,-37.863833,145.040025,77750,33650,20650
980,49-Tooronga/Wattletree,-37.863986,145.04028,6050,2850,850
21076,49-Tyrone/Camberwell,-37.84414,145.07143,9600,4750,#N/A
18431,49-Wanda/Hawthorn,-37.867993,145.025524,33700,18750,5550
21077,49-Wilson/Camberwell,-37.84443,145.07152,5250,4750,3100
18211,4-Collins/William,-37.81746,144.95909,243750,131950,38950
18469,4-Collins/William,-37.81782,144.95917,405250,199950,104750
18089,4-Elizabeth/Flinders,-37.818234,144.964625,2595900,1361000,399100
18176,4-Elizabeth/Flinders,-37.818413,144.964282,2593650,1971800,1056350
17596,4-Queen/Bourke,-37.81525,144.95983,190000,125000,74050
17886,4-Queen/Bourke,-37.81512,144.96005,280200,187600,44500
18032,4-Queen/La Trobe,-37.811003,144.959117,10900,19750,7100
18044,4-Queen/La Trobe,-37.811062,144.958714,13700,22250,3550
19492,4-Queensberry/Swanston,-37.805631,144.963106,883400,835850,225650
19693,4-Queensberry/Swanston,-37.805136,144.963111,187000,222750,84250
1789,50-Anderson/Wattletree,-37.86423,145.043379,20000,12650,11250
16753,50-Belmont/High,-37.858943,145.048258,4800,18950,#N/A
16760,50-Belmont/High,-37.859106,145.04841,44650,53350,9100
18953,50-Burke/Malvern,-37.85432,145.05149,9750,8750,4850
19473,50-Cooper/Keilor,-37.740029,144.899347,43700,88950,27200
19666,50-Cooper/Keilor,-37.740205,144.899413,5000,27950,19150
18567,50-Dight/Doncaster,-37.794373,145.080934,41000,26950,7250
21078,50-Fordham Gardens,-37.84591,145.07341,14350,20050,4650
19056,50-Glenarm/Malvern,-37.85442,145.0513,24950,10600,5350
18430,50-Inkerman/Hawthorn,-37.869699,145.025186,46800,44500,10450
19017,50-Inkerman/Hawthorn,-37.86951,145.025406,45400,34550,25200
18393,50-Royal/Glenhuntly,-37.8865,145.01826,29000,12500,13450
18987,50-Royal/Glenhuntly,-37.88639,145.01833,15700,7200,1550
21079,50-Smith/Camberwell,-37.84591,145.0732,31600,8850,5050
4196,50-Sylvester/Plenty,-37.73684,145.01242,9450,6500,15750
4505,50-Sylvester/Plenty,-37.73687,145.01257,52500,16900,7850
18606,50-Toorak/Chapel,-37.839644,144.995501,90850,67800,15550
19101,50-Toorak/Chapel,-37.839342,144.995781,210050,115150,89400
1185,50-Vincent/Wattletree,-37.864388,145.04371,450,#N/A,5450
19432,50-Wattle Valley/Riversdale,-37.834122,145.0812,16700,7850,1350
19768,50-Wattle Valley/Riversdale,-37.834291,145.08151,16100,6300,25750
17920,50-Wests/Williamson,-37.77521,144.882146,8250,4300,8050
18479,50-Wharton/Whitehorse,-37.814107,145.091381,49100,13900,22600
19412,50-Wharton/Whitehorse,-37.814028,145.091689,10050,23750,19350
18493,50-Williamson/Wests,-37.774932,144.881995,18900,53050,6550
19055,51A-Malvern/Burke,-37.8545,145.052267,55800,8150,2600
18429,51-Balaclava/Hawthorn,-37.87289,145.0246,12700,16200,7050
19016,51-Balaclava/Hawthorn,-37.87237,145.02478,88750,42800,27650
18566,51-Balwyn/Doncaster,-37.794655,145.084536,190300,105600,32450
19667,51-Bradshaw/Keilor,-37.738774,144.895921,5000,#N/A,3300
21196,51-Bradshaw/Keilor,-37.738525,144.895862,6250,37450,18550
16754,51-Burke/High,-37.859309,145.051208,1600,#N/A,#N/A
16759,51-Burke/High,-37.859483,145.051501,16250,38700,13600
18954,51-Gardiner Railway Station,-37.85272,145.052683,46200,54250,5800
18464,51-Hawthorn/Balaclava,-37.872792,145.024948,37550,15200,1900
18645,51-Hawthorn/Balaclava,-37.87257,145.024433,143350,153700,74050
18394,51-Hawthorn/Glenhuntly,-37.88698,145.02218,69150,54400,34700
19070,51-Hawthorn/Glenhuntly,-37.88681,145.02176,63550,51300,28600
19431,51-Highfield/Riversdale,-37.834371,145.08485,15950,27950,1000
19769,51-Highfield/Riversdale,-37.834537,145.085146,48200,13600,5650
18605,51-Malcolm/Chapel,-37.836375,144.996167,37650,39850,26500
19100,51-Malcolm/Chapel,-37.836363,144.996341,66800,43350,17450
18738,51-Narrak/Whitehorse,-37.814564,145.095175,52150,5850,10750
19413,51-Narrak/Whitehorse,-37.814405,145.09479,10050,208150,2150
1696,51-Nott/Wattletree,-37.864616,145.046571,20000,7050,11800
21080,51-Toorak/Camberwell,-37.84783,145.07558,4800,23300,1550
17921,51-Williamson/Rosamond,-37.775843,144.885616,46750,9550,23300
18494,51-Williamson/Rosamond,-37.776101,144.885668,80750,20950,44200
4195,51-Wood/Plenty,-37.73447,145.01357,9450,19300,11800
4504,51-Wood/Plenty,-37.73432,145.01382,56000,11250,11800
19053,52-Bickleigh/Burke,-37.84988,145.05322,11250,4100,2350
16758,52-Boyanda/High,-37.85978,145.054184,14200,#N/A,13600
1575,52-Burke/Wattletree,-37.865076,145.050069,157850,81650,34600
18463,52-Caulfield Park Bowling Club,-37.87314,145.02814,2450,4100,500
18646,52-Caulfield Park Bowling Club,-37.873112,145.028542,19650,16550,3900
20525,52-Dandenong/Glenferrie,-37.866122,145.027429,23750,11750,1100
18428,52-Halstead/Hawthorn,-37.87525,145.02415,9500,8550,1100
19015,52-Halstead/Hawthorn,-37.87494,145.02436,13150,29000,6650
18955,52-Harris/Burke,-37.84978,145.05306,6900,3750,4100
20774,52-Hoffmans/Keilor,-37.737479,144.892549,5000,21150,28950
18395,52-Jasmine/Glenhuntly,-37.88722,145.02414,22900,12800,5050
19071,52-Jasmine/Glenhuntly,-37.88711,145.02412,11450,57350,14400
19430,52-Lockhart/Riversdale,-37.834753,145.088135,2500,#N/A,4950
19770,52-Lockhart/Riversdale,-37.834924,145.088534,22100,15850,7050
18495,52-River/Rosamond,-37.778817,144.885152,6100,8650,8250
17922,52-Rosamond/River,-37.779303,144.885443,6450,3350,2350
21081,52-Summerhill/Toorak,-37.8482,145.07708,18450,10450,9000
21082,52-Summerhill/Toorak,-37.84836,145.07741,18850,13850,5950
22305,52-Treadwell/Keilor,-37.737155,144.892303,162250,66400,41850
4503,52-Tyler/Plenty,-37.73099,145.01476,57750,18300,14450
19669,53A-Matthews/Keilor,-37.736548,144.890167,10000,3950,7200
18462,53-Caulfield Park,-37.87364,145.03204,13900,4900,13350
18647,53-Caulfield Park,-37.873495,145.031928,15200,28400,4250
18427,53-Crotonhurst/Hawthorn,-37.87749,145.02372,15850,25700,6650
19429,53-Essex/Riversdale,-37.835085,145.090948,3350,21750,8100
19771,53-Essex/Riversdale,-37.835218,145.090965,31100,8750,4950
4193,53-Ethel/Plenty,-37.72913,145.01721,10550,35100,6450
4502,53-Ethel/Plenty,-37.72912,145.01752,27350,7200,9650
18956,53-Faircroft/Burke,-37.84817,145.05339,1950,2600,#N/A
18396,53-Glenhuntly Tram Depot,-37.88761,145.02711,47700,45750,8350
19072,53-Glenhuntly Tram Depot,-37.887473,145.026805,25700,20250,8300
21083,53-Highfield/Toorak,-37.84874,145.08181,35550,31050,20350
18603,53-Howard/Church,-37.832765,144.996629,26950,17000,8000
19098,53-Howard/Church,-37.832724,144.996776,34650,21200,8000
19052,53-Howitt/Burke,-37.84788,145.05363,14650,1350,9300
19475,53-Keilor/Matthews,-37.735967,144.889341,56150,26300,29050
19670,53-Keilor/Matthews,-37.735393,144.889238,36250,16650,17850
21084,53-Lithgow/Toorak,-37.84892,145.0823,7250,21350,11950
20526,53-Malvern Railway Station,-37.86432,145.028093,30500,32850,24550
20527,53-Malvern Railway Station,-37.865297,145.027785,6500,3000,1400
16757,53-Malvern/High,-37.860042,145.056584,194900,184050,32300
17923,53-Maribyrnong College,-37.779636,144.888256,12900,17950,1650
18496,53-Maribyrnong College,-37.779549,144.888097,11350,1450,3950
19014,53-Northcote/Hawthorn,-37.87721,145.02392,4050,2100,6650
19414,53-Union/Whitehorse,-37.814973,145.099281,26100,12150,5800
19786,53-Union/Whitehorse,-37.815108,145.099522,52150,8850,3700
18602,54-Balmain/Church,-37.830478,144.996998,5800,10050,#N/A
18397,54-Bambra/Glenhuntly,-37.88784,145.0289,25750,18150,21600
19073,54-Bambra/Glenhuntly,-37.88767,145.02869,11800,11600,5900
19097,54-Cotter/Church,-37.830371,144.997183,34650,19400,6000
19477,54-Fullarton/Matthews,-37.732357,144.889836,15100,231000,23400
18426,54-Glen Eira/Hawthorn,-37.88013,145.02321,39100,31550,5300
19013,54-Glen Eira/Hawthorn,-37.87993,145.0234,22250,10300,5400
17924,54-Gordon/River,-37.78002,144.891243,12650,6550,2650
18497,54-Gordon/River,-37.779916,144.89124,19600,10700,6600
21086,54-Grandview/Toorak,-37.8492,145.08459,4350,5900,21200
19416,54-Inglisby/Whitehorse,-37.815421,145.103111,20050,5900,12500
19785,54-Inglisby/Whitehorse,-37.815451,145.102775,52150,7900,12900
18461,54-Kambrook/Balaclava,-37.874032,145.036125,9000,4100,7950
18648,54-Kambrook/Balaclava,-37.87399,145.03586,21600,10300,1000
21085,54-Oberwyl/Toorak,-37.84904,145.0843,6600,11050,5300
19428,54-Through/Riversdale,-37.835324,145.093075,1700,#N/A,9550
19772,54-Through/Riversdale,-37.835535,145.093797,70300,43950,13300
18957,54-Toorak/Burke,-37.8458,145.05388,33450,72100,18150
19051,54-Toorak/Burke,-37.84561,145.05408,41150,15500,8150
20528,54-Wattletree/Glenferrie,-37.862194,145.028454,43050,67550,22700
20529,54-Wattletree/Glenferrie,-37.862477,145.028254,36400,9500,8150
4192,54-Wilkinson/Plenty,-37.72733,145.02001,16400,10200,13500
4501,54-Wilkinson/Plenty,-37.72771,145.01967,42550,11550,9650
4500,55-Albert/Plenty,-37.72557,145.02281,63800,29250,13500
18460,55-Balaclava/Normanby,-37.87449,145.03814,4100,#N/A,4900
21088,55-Beryl/Toorak,-37.84952,145.08726,15950,6250,2650
4191,55-Boldrewood/Plenty,-37.72528,145.0234,7050,14550,9650
19478,55-Cameron/Matthews,-37.72996,144.890243,30200,66900,51450
20531,55-Edsall/Glenferrie,-37.861214,145.028459,27000,9850,8000
18398,55-Fallon/Glenhuntly,-37.88811,145.03099,15250,10050,19850
19074,55-Fallon/Glenhuntly,-37.88793,145.03061,19950,44550,6800
19096,55-Gibbons/Church,-37.828768,144.997451,31750,7900,6000
19417,55-Hood/Whitehorse,-37.816188,145.109459,30100,8250,11300
19784,55-Hood/Whitehorse,-37.81634,145.109819,36850,4700,15700
20530,55-Llaneast/Glenferrie,-37.861068,145.028632,27350,28700,13450
17925,55-Lyric/Gordon,-37.782238,144.891154,5750,1700,1650
18498,55-Lyric/Gordon,-37.781946,144.891364,28000,14750,9700
18958,55-Middle/Burke,-37.84381,145.05426,18700,16350,6400
19050,55-Middle/Burke,-37.84366,145.05445,12950,4900,4800
18649,55-Normanby/Balaclava,-37.8742,145.03779,37800,7700,#N/A
18425,55-Sylverly/Hawthorn,-37.88273,145.02271,20100,12950,7950
19012,55-Sylverly/Hawthorn,-37.88245,145.02292,4050,14750,1100
21087,55-Through/Toorak,-37.84932,145.08672,1300,1550,#N/A
19427,55-Union/Riversdale,-37.8356,145.095336,2500,#N/A,4100
19773,55-Union/Riversdale,-37.835763,145.095815,17050,2450,8650
21090,56-Alfred/Toorak,-37.84985,145.09006,8700,7850,6650
18959,56-Anderson/Burke,-37.84186,145.05463,6400,5650,#N/A
19049,56-Anderson/Burke,-37.84159,145.05485,5650,1200,3700
21089,56-Barkly/Toorak,-37.84966,145.0896,3950,15050,#N/A
19011,56-Briggs/Hawthorn,-37.88487,145.02245,4850,6850,3300
18459,56-Caulfield Racecourse,-37.87536,145.0391,3750,6150,18700
19479,56-Earl/Matthews,-37.727324,144.890672,120750,80500,37900
19095,56-East Richmond Railway Station,-37.826615,144.997795,80250,17700,9800
17926,56-Edgewater Square,-37.784943,144.890622,26400,4700,8050
18499,56-Edgewater Square,-37.784445,144.890876,39200,43250,10850
19418,56-Elgar/Whitehorse,-37.816925,145.115591,106500,244950,111950
19783,56-Elgar/Whitehorse,-37.816884,145.114431,49100,6500,11750
19075,56-Kambrook/Glenhuntly,-37.88825,145.03308,8150,20250,6050
18399,56-Kean/Glenhuntly,-37.88842,145.03343,20050,28850,19650
18424,56-Lockhart/Hawthorn,-37.88458,145.02235,29600,12900,7600
4190,56-Loddon/Plenty,-37.72399,145.02785,43350,46350,16050
4499,56-Loddon/Plenty,-37.72452,145.02703,89650,50200,50400
20532,56-Malvern Tram Depot,-37.858848,145.029008,101950,96750,44600
20533,56-Malvern Tram Depot,-37.859034,145.028823,103200,17350,3600
19426,56-Warrigal/Riversdale,-37.835901,145.098104,850,#N/A,9900
19774,56-Warrigal/Riversdale,-37.836064,145.098392,19100,4850,14850
18457,57-Caulfield Railway Station,-37.8764,145.04189,255500,130950,75300
18651,57-Caulfield Railway Station,-37.87642,145.04165,86550,100200,10000
19076,57-Clarke/Glenhuntly,-37.8885,145.03511,7250,2000,1000
21091,57-Fairview/Toorak,-37.84998,145.09236,26350,13400,5300
19775,57-Glendale/Riversdale,-37.836273,145.100017,10050,8350,4950
18423,57-Glenhuntly/Hawthorn,-37.88699,145.02189,97750,62300,17400
19010,57-Glenhuntly/Hawthorn,-37.88666,145.0221,41000,47750,37950
19480,57-Hawker/Matthews,-37.723067,144.891387,90600,48850,47700
19674,57-Hawker/Matthews,-37.723121,144.891288,12100,5500,1750
20534,57-High/Glenferrie,-37.8565,145.029394,63450,45600,68350
20535,57-High/Glenferrie,-37.856827,145.029178,70350,3250,2900
18400,57-Laura/Glenhuntly,-37.88867,145.03549,8600,2700,8050
19782,57-Nelson/Whitehorse,-37.817418,145.118709,228000,89300,84850
18960,57-Pine/Burke,-37.84026,145.05494,6400,20750,4100
19048,57-Pine/Burke,-37.84006,145.05514,11250,13600,2050
21092,57-Queens/Toorak,-37.85016,145.09273,34750,33600,9100
4189,57-Reservoir District Secondary College,-37.72269,145.03007,7050,2900,12050
4498,57-Reservoir District Secondary College,-37.72267,145.03024,16700,73950,12850
18599,57-Swan/Church,-37.825783,144.997816,66200,88550,31350
19094,57-Swan/Church,-37.825552,144.998026,84050,43650,15650
17927,57-Titch/Gordon,-37.788644,144.889925,10350,6150,1350
18500,57-Titch/Gordon,-37.789005,144.890007,56950,35350,14500
17928,58-Ballarat/Gordon,-37.791282,144.889652,26400,10200,14250
18501,58-Ballarat/Gordon,-37.791069,144.889622,56000,87000,16800
20536,58-Bell/Glenferrie,-37.854095,145.029754,24950,46050,16400
18401,58-Booran/Glenhuntly,-37.88896,145.03781,105950,14800,15700
19077,58-Booran/Glenhuntly,-37.88879,145.03754,18150,17150,9250
19781,58-Box Hill Central,-37.817879,145.122349,963850,362600,233950
4188,58-Browning/Plenty,-37.71997,145.03695,2350,3950,9650
4497,58-Browning/Plenty,-37.72006,145.03696,27350,2900,4800
19047,58-Currajong/Burke,-37.83809,145.05552,7900,2450,3700
18652,58-Dandenong/Derby,-37.87571,145.04187,14150,21150,5100
18598,58-Gipps/Church,-37.824056,144.99816,7100,10500,6650
19093,58-Gipps/Church,-37.823728,144.998356,10650,20000,6650
18961,58-Leura/Burke,-37.83817,145.05535,11800,950,4100
19481,58-Marshall/Matthews,-37.718394,144.892082,75500,21300,42100
20537,58-Sorrett/Glenferrie,-37.854078,145.029608,30250,46050,16400
18422,58-Sycamore/Hawthorn,-37.88994,145.02133,34400,27450,8300
19009,58-Sycamore/Hawthorn,-37.88961,145.02155,3050,17700,3200
21093,58-Warrigal/Burwood,-37.85033,145.09546,126400,58450,20350
21094,58-Warrigal/Burwood,-37.85043,145.09588,28950,10800,2650
19776,58-Wattle Park,-37.83675,145.102608,14050,29650,4950
19482,59-Airport West,-37.71384,144.89056,498150,117850,93850
19777,59-Alandale/Riversdale,-37.837019,145.104804,31100,10200,4950
18456,59-Dandenong/Waverley,-37.87584,145.04507,29100,21200,11950
18653,59-Dandenong/Waverley,-37.87576,145.04495,8400,6850,10650
17929,59-Droop/Ballarat,-37.792585,144.89357,9650,4750,500
18505,59-Droop/Ballarat,-37.792316,144.893509,18350,6500,3450
21096,59-Gilmour/Burwood,-37.85078,145.09904,25500,5000,5800
20538,59-Malvern/Glenferrie,-37.85155,145.030146,32600,60650,48100
20539,59-Malvern/Glenferrie,-37.851888,145.029938,42900,3200,3200
18962,59-Pleasant/Burke,-37.83541,145.05586,7350,950,4100
4187,59-Preston Cemetery,-37.71898,145.03963,7050,21500,12200
4496,59-Preston Cemetery,-37.71904,145.03976,42550,23150,9650
18421,59-Princes Park,-37.89313,145.02073,42050,19500,6150
19008,59-Princes Park,-37.89304,145.0209,6050,#N/A,5450
19046,59-Seymour/Burke,-37.83519,145.05607,10700,3650,7050
21095,59-Somers/Burwood,-37.85066,145.09905,18850,45900,17000
18597,59-St Ignatius Church,-37.821842,144.998542,7100,4400,3300
19092,59-St Ignatius Church,-37.821745,144.998712,21300,12500,13250
18199,5-Bourke/William,-37.81587,144.95825,318500,139400,63250
18210,5-Bourke/William,-37.81544,144.95816,204200,90050,43600
17594,5-Elizabeth/Bourke,-37.81427,144.96339,1492900,779500,446050
17887,5-Elizabeth/Bourke,-37.814133,144.963374,1010400,550800,353200
17902,5-Elizabeth/Collins,-37.816344,144.963855,1809500,1694500,669950
17910,5-Elizabeth/Collins,-37.816228,144.963805,1667500,1052850,443500
18031,5-Elizabeth/La Trobe,-37.810291,144.96159,641750,309750,135050
18045,5-Elizabeth/La Trobe,-37.810354,144.961121,273850,175550,75000
17854,5-Melbourne Central Station,-37.810563,144.961433,1991550,1434800,505550
17873,5-Melbourne Central Station,-37.811106,144.961783,1006200,691750,413400
18090,5-Swanston/Flinders,-37.81757,144.966935,1419850,714750,255400
18175,5-Swanston/Flinders,-37.817723,144.96652,907250,624300,449400
19091,60-Abinger/Church,-37.820321,144.998959,42650,18750,8850
18455,60-Burke/Waverley,-37.87605,145.04833,34950,25100,11950
18654,60-Burke/Waverley,-37.87589,145.04805,2800,75300,2000
18963,60-Campbell/Burke,-37.83372,145.05618,6400,4700,1350
18420,60-Dover/Hawthorn,-37.89506,145.02037,19100,18050,8150
19007,60-Dover/Hawthorn,-37.89488,145.02055,1500,4350,3900
19779,60-Ferndale/Riversdale,-37.837234,145.106632,20100,20350,12350
18403,60-Glenhuntly Shops,-37.88939,145.04126,210900,86400,45950
19078,60-Glenhuntly Shops,-37.889246,145.040514,19050,15300,5450
4186,60-La Trobe University,-37.71681,145.04305,159350,87150,44700
4495,60-La Trobe University,-37.71682,145.04312,153600,132200,27100
21098,60-Millicent/Burwood,-37.85051,145.10216,17550,12850,19400
19045,60-Reserve/Burke,-37.83389,145.05631,17450,9200,6600
21097,60-Roslyn/Burwood,-37.85044,145.10209,7250,4650,#N/A
20540,60-Stonnington/Glenferrie,-37.849673,145.030503,13000,39000,5450
20541,60-Stonnington/Glenferrie,-37.849661,145.030363,11050,#N/A,3300
18506,60-Tiernan/Droop,-37.79462,144.895484,23600,27750,6700
18595,61-Bridge/Church,-37.818725,144.999082,19650,47400,16050
19090,61-Bridge/Church,-37.818428,144.999288,265250,135400,63600
4185,61-Bundoora Park,-37.71244,145.04643,40900,13600,7450
4494,61-Bundoora Park,-37.71331,145.04545,42150,27650,29800
19044,61-Camberwell Junction,-37.83109,145.05684,182250,112400,49400
19421,61-Elgar/Riversdale,-37.837643,145.110636,204650,150200,34700
17931,61-Geelong/Droop,-37.796796,144.897126,17750,9400,4350
18507,61-Geelong/Droop,-37.796141,144.896758,7850,1700,900
18404,61-Glenhuntly Railway Station,-37.88956,145.04284,125050,89650,40100
19079,61-Glenhuntly Railway Station,-37.88931,145.04182,46100,56200,7300
20542,61-Moorakyne/Glenferrie,-37.847732,145.030876,13000,#N/A,10950
20543,61-Moorakyne/Glenferrie,-37.847705,145.030736,22100,#N/A,#N/A
21099,61-Presbyterian Ladies College,-37.84997,145.10548,29000,27400,1950
21100,61-Presbyterian Ladies College,-37.85004,145.10574,159500,9300,9400
18419,61-Raynes/Hawthorn,-37.8967,145.02007,15300,33650,13600
18964,61-Riversdale/Burke,-37.8316,145.05658,18900,38800,13400
19006,61-Stone/Hawthorn,-37.89655,145.02025,1500,750,#N/A
18454,61-Tennyson/Waverley,-37.87638,145.05108,32600,4100,8750
18655,61-Tennyson/Waverley,-37.87625,145.05094,5600,20550,2000
18965,62-Camberwell Shopping Centre,-37.8302,145.05682,51050,15250,17400
21101,62-Elgar/Burwood,-37.84949,145.10882,63800,65250,20350
21102,62-Elgar/Burwood,-37.84959,145.10844,89350,30050,14550
18418,62-Gardenvale/Hawthorn,-37.8995,145.01953,13350,15900,3900
19005,62-Gardenvale/Hawthorn,-37.898973,145.019797,1500,750,#N/A
18405,62-Grange/Glenhuntly,-37.88983,145.04499,28650,16950,12400
19081,62-Grange/Glenhuntly,-37.88963,145.04459,24800,31100,6650
18594,62-Highett/Church,-37.815958,144.999575,6750,5450,7850
19089,62-Highett/Church,-37.815751,144.999772,40650,17600,26700
18453,62-Macgregor/Waverley,-37.87687,145.055,15150,10450,17250
4183,62-Metropolitan Fire Brigade,-37.71048,145.04899,25350,12800,13800
4493,62-Metropolitan Fire Brigade,-37.71055,145.0491,43800,25950,18700
17932,62-Nicholson/Hopkins,-37.799844,144.899732,78850,130650,40500
21103,63-Deakin University,-37.84999,145.11524,172550,158250,16750
21104,63-Deakin University,-37.85007,145.11523,157900,76000,17950
17933,63-Footscray Market,-37.800083,144.901057,132000,69450,45650
4182,63-Greenwood/Plenty,-37.70735,145.05224,4250,9150,#N/A
4492,63-Greenwood/Plenty,-37.70807,145.05163,36950,25600,9600
18452,63-Hughes/Waverley,-37.8771,145.05691,16300,10950,14600
19088,63-Kent/Church,-37.814328,145.000042,67700,58600,23550
18406,63-Maroona/Glenhuntly,-37.89014,145.04766,19100,12950,18750
19082,63-Maroona/Glenhuntly,-37.88994,145.04725,3550,8100,#N/A
18417,63-North/Hawthorn,-37.90157,145.01907,59250,24550,16950
19004,63-North/Hawthorn,-37.9012,145.01933,4550,1550,5050
18966,63-Prospect Hill/Burke,-37.82822,145.05722,27750,36300,9700
19043,63-Prospect Hill/Burke,-37.82797,145.05744,53350,36900,9250
20546,63-Toorak/Glenferrie,-37.843644,145.031654,1298850,737650,340700
20547,63-Toorak/Glenferrie,-37.843972,145.031434,788600,537850,255500
18593,63-Tweedie/Church,-37.814317,144.999884,2250,5450,#N/A
19087,64-Baker/Church,-37.812251,145.000429,60950,48850,19650
18967,64-Camberwell Station,-37.82605,145.05763,64550,92200,11600
19042,64-Camberwell Station,-37.82597,145.05783,87300,36250,12850
18451,64-Darling/Waverley,-37.87738,145.058885,223650,73000,33000
17934,64-Footscray Station,-37.801287,144.900944,361000,228300,110950
20549,64-Mernda/Glenferrie,-37.842474,145.031705,4450,2950,1500
18407,64-Mernda/Glenhuntly,-37.89042,145.0499,26450,28550,10900
19083,64-Mernda/Glenhuntly,-37.89024,145.04949,900,#N/A,#N/A
4181,64-Mount Cooper/Plenty,-37.70356,145.05609,21150,27850,14400
4491,64-Mount Cooper/Plenty,-37.7039,145.05586,75300,28200,10800
20548,64-Power/Glenferrie,-37.841838,145.031972,2600,8800,3000
21105,64-Station/Burwood,-37.85055,145.11933,67000,86600,45500
21106,64-Station/Burwood,-37.85061,145.12059,29000,43700,13250
18416,64-Taylor/Hawthorn,-37.90409,145.0186,24850,19950,11650
19003,64-Taylor/Hawthorn,-37.90378,145.01881,6050,#N/A,5000
18415,65-Davey/Hawthorn,-37.90657,145.01814,15300,23500,7750
19002,65-Davey/Hawthorn,-37.90637,145.01833,1500,#N/A,#N/A
4180,65-Grimshaw/Plenty,-37.70012,145.05818,9500,3400,3600
4490,65-Grimshaw/Plenty,-37.69982,145.05835,67100,57400,86250
20551,65-Kooyong Railway Station,-37.839311,145.032348,20000,8800,1650
18408,65-Mimosa/Glenhuntly,-37.89071,145.05219,27450,16850,19250
21107,65-Starling/Burwood,-37.85125,145.12601,24650,13800,18900
21108,65-Starling/Burwood,-37.85136,145.12632,49450,19750,34350
18968,65-Victoria/Burke,-37.82358,145.05813,5250,9300,#N/A
19041,65-Victoria/Burke,-37.82343,145.05831,14550,24450,5550
18591,65-Victoria/Church,-37.810724,145.000627,114650,66650,55450
20550,65-Warra/Glenferrie,-37.839947,145.032233,22250,22050,10950
19040,66-Canterbury/Burke,-37.8213,145.05871,33950,50950,14400
18409,66-Glenhuntly/Truganini,-37.89107,145.05405,21550,29450,25900
20552,66-Kooyong Tennis Centre,-37.838284,145.03259,10450,22050,3000
21109,66-Middleborough/Burwood,-37.85202,145.13184,100500,71850,26600
21110,66-Middleborough/Burwood,-37.85205,145.13329,61400,24900,8550
18969,66-Rathmines/Burke,-37.82148,145.0585,3000,1250,2200
4179,66-Settlement/Plenty,-37.69796,145.05885,4250,6250,1450
4489,66-Settlement/Plenty,-37.69827,145.05882,75300,31100,15900
19085,66-Truganini/Glenhuntly,-37.89078,145.05407,900,#N/A,850
18414,66-Union/Hawthorn,-37.90873,145.01777,32500,28600,6050
20553,66-Vision Australia,-37.838546,145.032402,6650,8800,4700
4178,67-Bundoora Square SC,-37.69553,145.05966,19000,38800,5400
4488,67-Bundoora Square SC,-37.69594,145.05958,89000,34750,23350
19039,67-Camberwell Girls Grammar,-37.81849,145.05921,39800,7950,28100
18410,67-Centre/Truganini,-37.8927,145.05437,6850,1900,19650
20554,67-Gardiner/Glenferrie,-37.835449,145.033095,31400,4400,10450
20555,67-Gardiner/Glenferrie,-37.835557,145.032938,15550,2950,4950
18413,67-Howell/Hawthorn,-37.91109,145.01739,38200,18650,9050
21111,67-Old Burwood/Burwood,-37.85145,145.13818,2200,1900,5550
21112,67-Old Burwood/Burwood,-37.85148,145.1383,21700,7700,3700
21113,68-Benwerrin Reserve,-37.85129,145.14188,8750,3050,2100
21114,68-Benwerrin Reserve,-37.85138,145.14198,48250,12500,16700
20556,68-Callantina/Glenferrie,-37.833224,145.033499,11750,3550,4200
20557,68-Callantina/Glenferrie,-37.833427,145.033303,10000,14700,1500
18411,68-Carnegie,-37.89395,145.05593,167500,107000,38300
18412,68-East Brighton,-37.91427,145.01683,156650,89900,32150
4177,68-Greenhills/Plenty,-37.69155,145.06324,4250,5500,#N/A
4487,68-Greenhills/Plenty,-37.69195,145.06301,61600,89600,8200
18971,68-Mont Albert/Burke,-37.81599,145.05954,750,1350,#N/A
19038,68-Mont Albert/Burke,-37.81578,145.05975,49500,25550,33250
21116,69-Highview/Burwood,-37.85194,145.14634,41000,18750,9200
21115,69-Keats/Burwood,-37.85185,145.14624,10950,650,5200
19037,69-Peverill/Burke,-37.81411,145.06007,29100,2200,11100
20558,69-South/Glenferrie,-37.831111,145.03388,3900,8800,4000
20559,69-South/Glenferrie,-37.831384,145.033662,7800,5900,2250
4176,69-Taunton/Plenty,-37.68788,145.06678,3150,3150,#N/A
4486,69-Taunton/Plenty,-37.68828,145.06655,58900,16900,26700
18200,6-Lonsdale/William,-37.8139,144.95737,229350,85700,9600
18209,6-Lonsdale/William,-37.81351,144.95729,112300,142800,12950
17901,6-Melbourne Town Hall,-37.815691,144.966127,1968500,1288750,748700
17911,6-Melbourne Town Hall,-37.815558,144.966066,2536200,1467850,525900
18091,6-Russell/Flinders,-37.81646,144.97086,492400,402450,55950
18174,6-Russell/Flinders,-37.816658,144.970167,340500,229050,103600
17593,6-Swanston/Bourke,-37.81352,144.96593,2093950,603350,352150
17888,6-Swanston/Bourke,-37.813401,144.965892,1090300,343100,369050
18030,6-Swanston/La Trobe,-37.809548,144.964084,989300,484300,146450
18046,6-Swanston/La Trobe,-37.809638,144.963562,373000,396000,58100
21117,70-Blackburn/Burwood,-37.852624,145.1515,130250,89500,24550
21118,70-Blackburn/Burwood,-37.852565,145.151508,29350,88150,31300
19036,70-Cotham/Burke,-37.81087,145.0606,248300,86900,65800
4485,70-Janefield/Plenty,-37.68272,145.06888,278550,137400,32350
20560,70-Riversdale/Glenferrie,-37.828633,145.034325,24300,70300,71750
20561,70-Riversdale/Glenferrie,-37.828931,145.034126,132800,35650,14100
22152,7-101 Collins Street - Stop 7,-37.814265,144.970408,877150,625500,142200
22153,7-101 Collins Street - Stop 7,-37.814441,144.97048,1691150,1059500,363150
4174,71-RMIT,-37.67911,145.06947,199000,174100,132650
21119,71-Sevenoaks/Burwood,-37.85359,145.15856,48250,13400,5850
21120,71-Sevenoaks/Burwood,-37.85359,145.15898,8400,35800,#N/A
20562,71-Urquhart/Glenferrie,-37.82596,145.034809,13300,14900,5950
20563,71-Urquhart/Glenferrie,-37.826112,145.034653,6300,1850,2550
21121,72-Lakeside/Burwood,-37.854497,145.166016,24100,8700,5200
21122,72-Lakeside/Burwood,-37.85436,145.16597,2100,#N/A,4150
20564,72-Manningtree/Glenferrie,-37.824017,145.035169,13300,5950,5100
20565,72-Manningtree/Glenferrie,-37.824134,145.035011,14650,3000,3400
20566,73-Burwood/Glenferrie,-37.822492,145.035451,26600,29800,5950
20567,73-Burwood/Glenferrie,-37.822712,145.03527,94200,9950,4600
21123,73-Springvale/Burwood,-37.85479,145.16816,52250,10700,16250
21124,73-Springvale/Burwood,-37.85492,145.17027,50050,85650,11250
20568,74-Glenferrie Railway Station,-37.820535,145.035671,165350,36450,14700
20569,74-Glenferrie Station,-37.821274,145.035701,117450,210000,72200
21126,74-Stanley/Burwood,-37.85554,145.17458,115150,13850,28600
20570,75-Chrystobel/Glenferrie,-37.818605,145.036178,2200,38500,27950
20571,75-Liddiard/Glenferrie,-37.818858,145.035992,16750,14900,3400
21127,75-Vermont South Shopping Centre,-37.856464,145.182086,671750,436900,182450
20572,76-Johnson/Glenferrie,-37.816817,145.036506,2200,58150,10150
20573,76-Johnson/Glenferrie,-37.816822,145.036367,31400,22350,4050
20584,77-Barkers/Glenferrie,-37.81457,145.036935,2200,19900,25450
20589,77-Barkers/Glenferrie,-37.814794,145.03675,64900,4950,4350
20590,78-Fitzwilliam/Glenferrie,-37.812054,145.037402,35450,#N/A,5100
20591,78-Fitzwilliam/Glenferrie,-37.812181,145.037231,23000,#N/A,3400
20593,79-Wellington/Glenferrie,-37.810089,145.037633,39750,4950,7100
22903,7A-William Barak Bridge,-37.818166,144.976205,11850,1250,800
22904,7A-William Barak Bridge,-37.818325,144.975829,12200,13750,11700
18108,7B-Rod Laver Arena,-37.819591,144.979127,43450,55750,8150
18172,7B-Rod Laver Arena,-37.819346,144.978424,95700,70700,4700
18116,7C-MCG - Hisense Arena,-37.822435,144.983643,20300,30350,13700
18161,7C-MCG - Hisense Arena,-37.822141,144.982796,49350,22350,34600
18118,7D-AAMI Park,-37.824136,144.986853,7900,4950,16450
18155,7D-AAMI Park,-37.823828,144.986753,36650,8200,2300
18121,7E-Punt/Swan,-37.824526,144.988453,9150,17000,18500
18126,7E-Punt/Swan,-37.824687,144.988969,54200,1000,6150
18201,7-Flagstaff Railway Station,-37.81201,144.95651,124200,145050,113000
18208,7-Flagstaff Railway Station,-37.81156,144.9564,158500,76200,69200
17856,7-Queen Victoria Market,-37.80665,144.959627,827650,542750,205450
17871,7-Queen Victoria Market,-37.80695,144.959884,1072600,834050,361350
19494,7-RMIT University,-37.808383,144.963328,2128800,796500,172800
19691,7-RMIT University,-37.807819,144.962936,289900,555050,169150
17591,7-Russell/Bourke,-37.81278,144.96834,1171200,744750,241400
17889,7-Russell/Bourke,-37.81245,144.96921,349900,232600,110550
18047,7-Russell/La Trobe,-37.808905,144.966099,25200,62400,9700
20595,80-Cotham/Glenferrie,-37.807899,145.038127,278850,50250,33250
19278,8-Cremorne/Swan,-37.824908,144.990636,40050,35200,8450
19466,8-Cremorne/Swan,-37.824827,144.991007,102500,42200,24350
18011,8-Exhibition/La Trobe,-37.808102,144.969031,12450,3650,3600
18048,8-Exhibition/La Trobe,-37.808186,144.968538,1450,11100,2550
18207,8-Franklin/Peel,-37.80943,144.95547,41400,10800,10650
18202,8-Franklin/William,-37.80974,144.95546,35050,32950,47650
19495,8-Melbourne Central Station,-37.81045,144.964267,6116100,3611550,849350
19689,8-Melbourne Central Station,-37.809875,144.963933,2911450,2083900,876050
17857,8-Peel/Victoria,-37.80598,144.956253,28750,27300,8750
17864,8-Peel/Victoria,-37.80581,144.95575,38300,47400,13400
17898,8-Spring/Collins,-37.813554,144.973369,1502800,1023950,362900
17914,8-Spring/Collins,-37.813428,144.973318,1357000,698350,159400
18092,8-Spring/Flinders,-37.81532,144.97461,202100,155350,85100
18105,8-Spring/Flinders,-37.815533,144.974174,220600,160500,20250
17866,9-Haymarket/Elizabeth,-37.801949,144.957468,821200,842000,335750
17869,9-Haymarket/Elizabeth,-37.802136,144.957747,1147400,543450,436300
17863,9-Howard/Victoria,-37.80556,144.9535,18300,30600,13850
18010,9-La Trobe/Victoria,-37.807603,144.970939,27500,9150,9900
18093,9-Lansdowne/Wellington,-37.81545,144.97716,27600,38100,15400
18104,9-Lansdowne/Wellington,-37.81547,144.97666,16950,6750,7750
19279,9-Lennox/Swan,-37.825239,144.993487,43000,32800,14200
19465,9-Lennox/Swan,-37.825088,144.993282,13700,20950,13400
18205,9-Queen Victoria Market,-37.8071,144.95586,41400,30000,12100
18206,9-Queen Victoria Market,-37.807,144.95577,19600,11800,14950
17882,9-Spring/Bourke,-37.81154,144.97258,880200,571500,217350
17891,9-Spring/Bourke,-37.81141,144.97275,421850,271300,158600
18049,9-Victoria/La Trobe,-37.807669,144.970323,2150,14050,800
17858,9-William/Victoria,-37.80569,144.95391,6250,4650,5500
18037,D10-NewQuay/Docklands,-37.813783,144.940512,3500,38550,18750
18039,D10-NewQuay/Docklands,-37.813313,144.941507,255900,209750,48950
18038,D11-The District,-37.814456,144.938647,430950,210750,112000
43472,D14-Southern Cross Station,-37.819655,144.952157,162450,160650,55450
43477,D14-Southern Cross Station,-37.819447,144.952602,194600,105800,28500
43473,D15-Batman's Hill,-37.820111,144.950437,31600,29250,10850
43476,D15-Batman's Hill,-37.820223,144.950331,229000,126650,52450
43475,D16-Harbour/Collins,-37.820791,144.947983,168950,78500,40250
43480,D16-Harbour/Collins,-37.820841,144.948216,14050,22800,12000
43474,D17-Merchant/Collins,-37.82153,144.945416,372500,176350,52900
47493,D18-Bourke/Collins,-37.820755,144.941827,210950,117700,48900
18040,D1-Etihad Stadium,-37.814577,144.946406,128450,62150,7250
20981,D1-Etihad Stadium,-37.81457,144.946749,14550,10350,4950
18052,D2-Central Pier,-37.814412,144.945009,430000,234450,77800
18183,D2-Central Pier,-37.814547,144.94458,62050,114700,32300
18053,D3-Bourke/Harbour,-37.817726,144.946119,110550,71900,18450
18182,D3-Bourke/Harbour,-37.817722,144.946076,40200,55300,14400
18054,D4-Docklands Park,-37.821349,144.947568,89900,54050,18650
18181,D4-Docklands Park,-37.821903,144.947579,51150,45150,32650
18055,D5-South Wharf,-37.821803,144.9513,134100,76300,12050
18180,D5-South Wharf,-37.822023,144.950852,34000,43850,9950
18056,D6-Flinders Street West,-37.821438,144.953689,78850,49850,25450
18179,D6-Victoria Police Centre,-37.821724,144.953213,18050,22000,13400